{"IIIIIIIIII": -15.807523675303845, "IIIIIIIIIZ": 3.976768350094779, "IIIIIIIIZI": 3.9767683500947784, "IIIIIIIIZZ": 0.7231188571093508, "IIIIIIZIII": 0.19756869534056243, "IIIIIIIZII": 0.1975686953405622, "IIIIIIZIIZ": 0.18618687609393156, "IIIIIIIZZI": 0.18618687609393156, "IIIIIZIIZI": 0.1855003951148028, "ZIIIIIIIIZ": 0.1855003951148028, "IZIIIIIIZI": 0.1855003951148028, "IIIIZIIIIZ": 0.1855003951148028, "IIZIIIIIIZ": 0.1855003951148028, "IIIZIIIIZI": 0.1855003951148028, "IIIZIIIIIZ": 0.18009617168692288, "IZIIIIIIIZ": 0.18009617168692288, "IIIIZIIIZI": 0.18009617168692288, "IIZIIIIIZI": 0.18009617168692288, "IIIIIZIIIZ": 0.18009617168692288, "ZIIIIIIIZI": 0.18009617168692288, "IIIIIIIZIZ": 0.17115716806140702, "IIIIIIZIZI": 0.17115716806140702, "IIIIZZIIII": 0.1466931859947331, "ZZIIIIIIII": 0.1466931859947331, "IIZZIIIIII": 0.1466931859947331, "IIZIIIIZII": 0.13340284970095173, "IIIZIIZIII": 0.13340284970095173, "IIIIZIIZII": 0.13340284970095173, "IZIIIIZIII": 0.13340284970095173, "IIIIIZZIII": 0.13340284970095173, "ZIIIIIIZII": 0.13340284970095173, "IIIIIIZZII": 0.13154131251348625, "IZZIIIIIII": 0.13087837036692285, "IIIZZIIIII": 0.13087837036692285, "IIZIIZIIII": 0.13087837036692285, "ZIIIIZIIII": 0.13087837036692285, "ZIIZIIIIII": 0.13087837036692285, "IZIIZIIIII": 0.13087837036692285, "ZIZIIIIIII": 0.12297096255301776, "IZIIIZIIII": 0.12297096255301776, "IZIZIIIIII": 0.12297096255301776, "IIZIZIIIII": 0.12297096255301776, "ZIIIZIIIII": 0.12297096255301776, "IIIZIZIIII": 0.12297096255301776, "IIIIZIZIII": 0.10526076555287844, "IIIIIZIZII": 0.10526076555287844, "ZIIIIIZIII": 0.10526076555287844, "IIIZIIIZII": 0.10526076555287844, "IIZIIIZIII": 0.10526076555287844, "IZIIIIIZII": 0.10526076555287844, "IIIIIIIYIY": -0.0829423636735383, "IIIIIIYZYZ": -0.0829423636735383, "IIIIIIIXIX": -0.0829423636735383, "IIIIIIXZXZ": -0.0829423636735383, "IIIIIIXZXI": -0.061666388217983426, "IIIIIIYZYI": -0.061666388217983426, "IIIIIIIXZX": -0.0616663882179834, "IIIIIIIYZY": -0.0616663882179834, "ZIIIIIIIII": 0.05012744644374556, "IZIIIIIIII": 0.05012744644374556, "IIIIIZIIII": 0.05012744644374534, "IIIIZIIIII": 0.05012744644374534, "IIIZIIIIII": 0.05012744644374534, "IIZIIIIIII": 0.050127446443745116, "XYIIIIYXII": 0.028142084148073288, "IIIIYXXYII": 0.028142084148073288, "IIYYIIXXII": -0.028142084148073288, "IIXYIIYXII": 0.028142084148073288, "IIXXIIYYII": -0.028142084148073288, "XXIIIIYYII": -0.028142084148073288, "IIIIXXYYII": -0.028142084148073288, "IIYXIIXYII": 0.028142084148073288, "YYIIIIXXII": -0.028142084148073288, "IIIIXYYXII": 0.028142084148073288, "YXIIIIXYII": 0.028142084148073288, "IIIIYYXXII": -0.028142084148073288, "IIIIIIYYXX": -0.015029708032524547, "IIIIIIYXXY": 0.015029708032524547, "IIIIIIXYYX": 0.015029708032524547, "IIIIIIXXYY": -0.015029708032524547, "ZIIIIIXZXI": -0.010029537393188296, "IIIZIIIYZY": -0.010029537393188296, "IZIIIIIYZY": -0.010029537393188296, "IIIZIIIXZX": -0.010029537393188296, "IZIIIIIXZX": -0.010029537393188296, "IIZIIIXZXI": -0.010029537393188296, "IIIIZIXZXI": -0.010029537393188296, "IIIIIZIYZY": -0.010029537393188296, "IIZIIIYZYI": -0.010029537393188296, "IIIIZIYZYI": -0.010029537393188296, "ZIIIIIYZYI": -0.010029537393188296, "IIIIIZIXZX": -0.010029537393188296, "YYIIXXIIII": -0.007907407813905079, "IIXYYXIIII": 0.007907407813905079, "XYYXIIIIII": 0.007907407813905079, "IIYYXXIIII": -0.007907407813905079, "IIYXXYIIII": 0.007907407813905079, "XXIIYYIIII": -0.007907407813905079, "XYIIYXIIII": 0.007907407813905079, "IIXXYYIIII": -0.007907407813905079, "XXYYIIIIII": -0.007907407813905079, "YXXYIIIIII": 0.007907407813905079, "YXIIXYIIII": 0.007907407813905079, "YYXXIIIIII": -0.007907407813905079, "IIIIYYIYYI": 0.006955819830254166, "IIXXIIYZZY": 0.006955819830254166, "IIXXIIIXXI": 0.006955819830254166, "XYIIIIYZZX": -0.006955819830254166, "IIXYIIYZZX": -0.006955819830254166, "YXIIIIXZZY": -0.006955819830254166, "IIXYIIIYXI": 0.006955819830254166, "IIIIYXIXYI": 0.006955819830254166, "XXIIIIIXXI": 0.006955819830254166, "XXIIIIYZZY": 0.006955819830254166, "YYIIIIIYYI": 0.006955819830254166, "IIIIXXIXXI": 0.006955819830254166, "IIIIXYIYXI": 0.006955819830254166, "YYIIIIXZZX": 0.006955819830254166, "XYIIIIIYXI": 0.006955819830254166, "IIIIYYXZZX": 0.006955819830254166, "IIIIXXYZZY": 0.006955819830254166, "IIIIYXXZZY": -0.006955819830254166, "IIYYIIIYYI": 0.006955819830254166, "YXIIIIIXYI": 0.006955819830254166, "IIYYIIXZZX": 0.006955819830254166, "IIYXIIIXYI": 0.006955819830254166, "IIYXIIXZZY": -0.006955819830254166, "IIIIXYYZZX": -0.006955819830254166, "YXIIIIIIXY": 0.005404223427879925, "IIYXIIIIXY": 0.005404223427879925, "IIYYIIIIXX": -0.005404223427879925, "YYIIIIIIXX": -0.005404223427879925, "IIIIYYIIXX": -0.005404223427879925, "IIXXIIIIYY": -0.005404223427879925, "IIIIYXIIXY": 0.005404223427879925, "IIXYIIIIYX": 0.005404223427879925, "XXIIIIIIYY": -0.005404223427879925, "IIIIXXIIYY": -0.005404223427879925, "IIIIXYIIYX": 0.005404223427879925, "XYIIIIIIYX": 0.005404223427879925, "IIIIIIYIYI": -0.004930534456699739, "IIIIIIXIXI": -0.004930534456699739, "IIIIIIZXZX": -0.004930534456699739, "IIIIIIZYZY": -0.004930534456699739, "IIIIZIIYZY": -0.00307371756293413, "IZIIIIXZXI": -0.00307371756293413, "IIIIZIIXZX": -0.00307371756293413, "ZIIIIIIYZY": -0.00307371756293413, "IIZIIIIXZX": -0.00307371756293413, "ZIIIIIIXZX": -0.00307371756293413, "IIZIIIIYZY": -0.00307371756293413, "IZIIIIYZYI": -0.00307371756293413, "IIIZIIYZYI": -0.00307371756293413, "IIIIIZXZXI": -0.00307371756293413, "IIIIIZYZYI": -0.00307371756293413, "IIIZIIXZXI": -0.00307371756293413}