{"IIIIIIIIII": -9.00940165944139, "IIIIIIIIZI": 2.2432292442644037, "IIIIIIIIIZ": 2.2432292442644037, "IIIIIIIIZZ": 0.568833459559864, "IIZIIIIIII": -0.14843247624355183, "IIIIIZIIII": -0.14843247624355183, "ZIIIIIIIII": -0.14843247624355183, "IIIIZIIIII": -0.14843247624355183, "IIIZIIIIII": -0.14843247624355183, "IZIIIIIIII": -0.14843247624355183, "IIIIIIZIIZ": 0.1428090770625457, "IIIIIIIZZI": 0.1428090770625457, "IIIIIZIIZI": 0.14230720911406955, "ZIIIIIIIIZ": 0.14230720911406955, "IZIIIIIIZI": 0.14230720911406955, "IIIIZIIIIZ": 0.14230720911406955, "IIZIIIIIIZ": 0.14230720911406955, "IIIZIIIIZI": 0.14230720911406955, "IIIZIIIIIZ": 0.13840743947031448, "IZIIIIIIIZ": 0.13840743947031448, "IIIIZIIIZI": 0.13840743947031448, "IIZIIIIIZI": 0.13840743947031448, "IIIIIZIIIZ": 0.13840743947031448, "ZIIIIIIIZI": 0.13840743947031448, "IIIIIIIZIZ": 0.13173460012846266, "IIIIIIZIZI": 0.13173460012846266, "IIIIZZIIII": 0.11246476027166773, "ZZIIIIIIII": 0.11246476027166773, "IIZZIIIIII": 0.11246476027166773, "IIZIIIIZII": 0.10239922598622095, "IIIZIIZIII": 0.10239922598622095, "IIIIZIIZII": 0.10239922598622095, "IZIIIIZIII": 0.10239922598622095, "IIIIIZZIII": 0.10239922598622095, "ZIIIIIIZII": 0.10239922598622095, "IIIIIIZZII": 0.10103440494356301, "IZZIIIIIII": 0.10034007066108216, "IIIZZIIIII": 0.10034007066108216, "IIZIIZIIII": 0.10034007066108216, "ZIIIIZIIII": 0.10034007066108216, "ZIIZIIIIII": 0.10034007066108216, "IZIIZIIIII": 0.10034007066108216, "ZIZIIIIIII": 0.09427772585578936, "IZIIIZIIII": 0.09427772585578936, "IZIZIIIIII": 0.09427772585578936, "IIZIZIIIII": 0.09427772585578936, "ZIIIZIIIII": 0.09427772585578936, "IIIZIZIIII": 0.09427772585578936, "IIIIZIZIII": 0.0806969811208405, "IIIIIZIZII": 0.0806969811208405, "ZIIIIIZIII": 0.0806969811208405, "IIIZIIIZII": 0.0806969811208405, "IIZIIIZIII": 0.0806969811208405, "IZIIIIIZII": 0.0806969811208405, "IIIIIIIYIY": -0.06333252735335533, "IIIIIIYZYZ": -0.06333252735335533, "IIIIIIIXIX": -0.06333252735335533, "IIIIIIXZXZ": -0.06333252735335533, "IIIIIIIZII": -0.046691692288235664, "IIIIIIZIII": -0.046691692288235664, "IIIIIIIXZX": -0.03806162406796877, "IIIIIIIYZY": -0.03806162406796877, "IIIIIIXZXI": -0.03806162406796873, "IIIIIIYZYI": -0.03806162406796873, "XYIIIIYXII": 0.021702244865380443, "IIIIYXXYII": 0.021702244865380443, "IIYYIIXXII": -0.021702244865380443, "IIXYIIYXII": 0.021702244865380443, "IIXXIIYYII": -0.021702244865380443, "XXIIIIYYII": -0.021702244865380443, "IIIIXXYYII": -0.021702244865380443, "IIYXIIXYII": 0.021702244865380443, "YYIIIIXXII": -0.021702244865380443, "IIIIXYYXII": 0.021702244865380443, "YXIIIIXYII": 0.021702244865380443, "IIIIYYXXII": -0.021702244865380443, "IIIIIIYYXX": -0.01107447693408304, "IIIIIIYXXY": 0.01107447693408304, "IIIIIIXYYX": 0.01107447693408304, "IIIIIIXXYY": -0.01107447693408304, "ZIIIIIXZXI": -0.007375628245156798, "IIIZIIIYZY": -0.007375628245156798, "IZIIIIIYZY": -0.007375628245156798, "IIIZIIIXZX": -0.007375628245156798, "IZIIIIIXZX": -0.007375628245156798, "IIZIIIXZXI": -0.007375628245156798, "IIIIZIXZXI": -0.007375628245156798, "IIIIIZIYZY": -0.007375628245156798, "IIZIIIYZYI": -0.007375628245156798, "IIIIZIYZYI": -0.007375628245156798, "ZIIIIIYZYI": -0.007375628245156798, "IIIIIZIXZX": -0.007375628245156798, "YYIIXXIIII": -0.0060623448052927985, "IIXYYXIIII": 0.0060623448052927985, "XYYXIIIIII": 0.0060623448052927985, "IIYYXXIIII": -0.0060623448052927985, "IIYXXYIIII": 0.0060623448052927985, "XXIIYYIIII": -0.0060623448052927985, "XYIIYXIIII": 0.0060623448052927985, "IIXXYYIIII": -0.0060623448052927985, "XXYYIIIIII": -0.0060623448052927985, "YXXYIIIIII": 0.0060623448052927985, "YXIIXYIIII": 0.0060623448052927985, "YYXXIIIIII": -0.0060623448052927985, "IIIIYYIYYI": 0.00514064280741306, "IIXXIIYZZY": 0.00514064280741306, "IIXXIIIXXI": 0.00514064280741306, "XYIIIIYZZX": -0.00514064280741306, "IIXYIIYZZX": -0.00514064280741306, "YXIIIIXZZY": -0.00514064280741306, "IIXYIIIYXI": 0.00514064280741306, "IIIIYXIXYI": 0.00514064280741306, "XXIIIIIXXI": 0.00514064280741306, "XXIIIIYZZY": 0.00514064280741306, "YYIIIIIYYI": 0.00514064280741306, "IIIIXXIXXI": 0.00514064280741306, "IIIIXYIYXI": 0.00514064280741306, "YYIIIIXZZX": 0.00514064280741306, "XYIIIIIYXI": 0.00514064280741306, "IIIIYYXZZX": 0.00514064280741306, "IIIIXXYZZY": 0.00514064280741306, "IIIIYXXZZY": -0.00514064280741306, "IIYYIIIYYI": 0.00514064280741306, "YXIIIIIXYI": 0.00514064280741306, "IIYYIIXZZX": 0.00514064280741306, "IIYXIIIXYI": 0.00514064280741306, "IIYXIIXZZY": -0.00514064280741306, "IIIIXYYZZX": -0.00514064280741306, "YXIIIIIIXY": 0.0038997696437550644, "IIYXIIIIXY": 0.0038997696437550644, "IIYYIIIIXX": -0.0038997696437550644, "YYIIIIIIXX": -0.0038997696437550644, "IIIIYYIIXX": -0.0038997696437550644, "IIXXIIIIYY": -0.0038997696437550644, "IIIIYXIIXY": 0.0038997696437550644, "IIXYIIIIYX": 0.0038997696437550644, "XXIIIIIIYY": -0.0038997696437550644, "IIIIXXIIYY": -0.0038997696437550644, "IIIIXYIIYX": 0.0038997696437550644, "XYIIIIIIYX": 0.0038997696437550644, "IIIIIIYIYI": -0.0035609377633151326, "IIIIIIXIXI": -0.0035609377633151326, "IIIIIIZXZX": -0.0035609377633151326, "IIIIIIZYZY": -0.0035609377633151326, "IIIIZIIYZY": -0.002234985437743737, "IZIIIIXZXI": -0.002234985437743737, "IIIIZIIXZX": -0.002234985437743737, "ZIIIIIIYZY": -0.002234985437743737, "IIZIIIIXZX": -0.002234985437743737, "ZIIIIIIXZX": -0.002234985437743737, "IIZIIIIYZY": -0.002234985437743737, "IZIIIIYZYI": -0.002234985437743737, "IIIZIIYZYI": -0.002234985437743737, "IIIIIZXZXI": -0.002234985437743737, "IIIIIZYZYI": -0.002234985437743737, "IIIZIIXZXI": -0.002234985437743737}