{"IIIIIIIIII": -24.433361662593537, "IIIIIIIIZI": 6.3234949580885935, "IIIIIIIIIZ": 6.3234949580885935, "IIIIIIIIZZ": 0.8780153541704969, "IIIIIIIZII": 0.587253863444873, "IIIIIIZIII": 0.587253863444873, "IIZIIIIIII": 0.39026732133668784, "IIIIIZIIII": 0.39026732133668784, "IIIIZIIIII": 0.39026732133668784, "ZIIIIIIIII": 0.3902673213366876, "IIIZIIIIII": 0.3902673213366876, "IZIIIIIIII": 0.3902673213366876, "IIIIIIZIIZ": 0.2131488938940684, "IIIIIIIZZI": 0.2131488938940684, "IIIIIZIIZI": 0.21300813563893983, "ZIIIIIIIIZ": 0.21300813563893983, "IZIIIIIIZI": 0.21300813563893983, "IIIIZIIIIZ": 0.21300813563893983, "IIZIIIIIIZ": 0.21300813563893983, "IIIZIIIIZI": 0.21300813563893983, "IIIZIIIIIZ": 0.20762862762874718, "IZIIIIIIIZ": 0.20762862762874718, "IIIIZIIIZI": 0.20762862762874718, "IIZIIIIIZI": 0.20762862762874718, "IIIIIZIIIZ": 0.20762862762874718, "ZIIIIIIIZI": 0.20762862762874718, "IIIIIIIZIZ": 0.19790602272130503, "IIIIIIZIZI": 0.19790602272130503, "IIIIZZIIII": 0.16820818013041525, "ZZIIIIIIII": 0.16820818013041525, "IIZZIIIIII": 0.16820818013041525, "IIZIIIIZII": 0.1533421257366212, "IIIZIIZIII": 0.1533421257366212, "IIIIZIIZII": 0.1533421257366212, "IZIIIIZIII": 0.1533421257366212, "IIIIIZZIII": 0.1533421257366212, "ZIIIIIIZII": 0.1533421257366212, "IIIIIIZZII": 0.15136881274980055, "IZZIIIIIII": 0.15007385941396734, "IIIZZIIIII": 0.15007385941396734, "IIZIIZIIII": 0.15007385941396734, "ZIIIIZIIII": 0.15007385941396734, "ZIIZIIIIII": 0.15007385941396734, "IZIIZIIIII": 0.15007385941396734, "ZIZIIIIIII": 0.14100669905574337, "IZIIIZIIII": 0.14100669905574337, "IZIZIIIIII": 0.14100669905574337, "IIZIZIIIII": 0.14100669905574337, "ZIIIZIIIII": 0.14100669905574337, "IIIZIZIIII": 0.14100669905574337, "IIIIZIZIII": 0.12063081102001169, "IIIIIZIZII": 0.12063081102001169, "ZIIIIIZIII": 0.12063081102001169, "IIIZIIIZII": 0.12063081102001169, "IIZIIIZIII": 0.12063081102001169, "IZIIIIIZII": 0.12063081102001169, "IIIIIIIYIY": -0.0922479519927593, "IIIIIIYZYZ": -0.0922479519927593, "IIIIIIIXIX": -0.0922479519927593, "IIIIIIXZXZ": -0.0922479519927593, "IIIIIIXZXI": -0.08374130177201242, "IIIIIIIXZX": -0.08374130177201242, "IIIIIIIYZY": -0.08374130177201242, "IIIIIIYZYI": -0.08374130177201242, "XYIIIIYXII": 0.03271131471660954, "IIIIYXXYII": 0.03271131471660954, "IIYYIIXXII": -0.03271131471660954, "IIXYIIYXII": 0.03271131471660954, "IIXXIIYYII": -0.03271131471660954, "XXIIIIYYII": -0.03271131471660954, "IIIIXXYYII": -0.03271131471660954, "IIYXIIXYII": 0.03271131471660954, "YYIIIIXXII": -0.03271131471660954, "IIIIXYYXII": 0.03271131471660954, "YXIIIIXYII": 0.03271131471660954, "IIIIYYXXII": -0.03271131471660954, "IIIIIIYYXX": -0.015242871172763378, "IIIIIIYXXY": 0.015242871172763378, "IIIIIIXYYX": 0.015242871172763378, "IIIIIIXXYY": -0.015242871172763378, "ZIIIIIXZXI": -0.010225000228090928, "IIIZIIIYZY": -0.010225000228090928, "IZIIIIIYZY": -0.010225000228090928, "IIIZIIIXZX": -0.010225000228090928, "IZIIIIIXZX": -0.010225000228090928, "IIZIIIXZXI": -0.010225000228090928, "IIIIZIXZXI": -0.010225000228090928, "IIIIIZIYZY": -0.010225000228090928, "IIZIIIYZYI": -0.010225000228090928, "IIIIZIYZYI": -0.010225000228090928, "ZIIIIIYZYI": -0.010225000228090928, "IIIIIZIXZX": -0.010225000228090928, "YYIIXXIIII": -0.009067160358223943, "IIXYYXIIII": 0.009067160358223943, "XYYXIIIIII": 0.009067160358223943, "IIYYXXIIII": -0.009067160358223943, "IIYXXYIIII": 0.009067160358223943, "XXIIYYIIII": -0.009067160358223943, "XYIIYXIIII": 0.009067160358223943, "IIXXYYIIII": -0.009067160358223943, "XXYYIIIIII": -0.009067160358223943, "YXXYIIIIII": 0.009067160358223943, "YXIIXYIIII": 0.009067160358223943, "YYXXIIIIII": -0.009067160358223943, "IIIIYYIYYI": 0.0072688086295972934, "IIXXIIYZZY": 0.0072688086295972934, "IIXXIIIXXI": 0.0072688086295972934, "XYIIIIYZZX": -0.0072688086295972934, "IIXYIIYZZX": -0.0072688086295972934, "YXIIIIXZZY": -0.0072688086295972934, "IIXYIIIYXI": 0.0072688086295972934, "IIIIYXIXYI": 0.0072688086295972934, "XXIIIIIXXI": 0.0072688086295972934, "XXIIIIYZZY": 0.0072688086295972934, "YYIIIIIYYI": 0.0072688086295972934, "IIIIXXIXXI": 0.0072688086295972934, "IIIIXYIYXI": 0.0072688086295972934, "YYIIIIXZZX": 0.0072688086295972934, "XYIIIIIYXI": 0.0072688086295972934, "IIIIYYXZZX": 0.0072688086295972934, "IIIIXXYZZY": 0.0072688086295972934, "IIIIYXXZZY": -0.0072688086295972934, "IIYYIIIYYI": 0.0072688086295972934, "YXIIIIIXYI": 0.0072688086295972934, "IIYYIIXZZX": 0.0072688086295972934, "IIYXIIIXYI": 0.0072688086295972934, "IIYXIIXZZY": -0.0072688086295972934, "IIIIXYYZZX": -0.0072688086295972934, "YXIIIIIIXY": 0.005379508010192651, "IIYXIIIIXY": 0.005379508010192651, "IIYYIIIIXX": -0.005379508010192651, "YYIIIIIIXX": -0.005379508010192651, "IIIIYYIIXX": -0.005379508010192651, "IIXXIIIIYY": -0.005379508010192651, "IIIIYXIIXY": 0.005379508010192651, "IIXYIIIIYX": 0.005379508010192651, "XXIIIIIIYY": -0.005379508010192651, "IIIIXXIIYY": -0.005379508010192651, "IIIIXYIIYX": 0.005379508010192651, "XYIIIIIIYX": 0.005379508010192651, "IIIIIIYIYI": -0.004674541605838343, "IIIIIIXIXI": -0.004674541605838343, "IIIIIIZXZX": -0.004674541605838343, "IIIIIIZYZY": -0.004674541605838343, "IIIIZIIYZY": -0.0029561915984936357, "IZIIIIXZXI": -0.0029561915984936357, "IIIIZIIXZX": -0.0029561915984936357, "ZIIIIIIYZY": -0.0029561915984936357, "IIZIIIIXZX": -0.0029561915984936357, "ZIIIIIIXZX": -0.0029561915984936357, "IIZIIIIYZY": -0.0029561915984936357, "IZIIIIYZYI": -0.0029561915984936357, "IIIZIIYZYI": -0.0029561915984936357, "IIIIIZXZXI": -0.0029561915984936357, "IIIIIZYZYI": -0.0029561915984936357, "IIIZIIXZXI": -0.0029561915984936357}