{"IIIIIIIIII": -61.11665357283779, "IIIIIIIIZI": 16.178655908115097, "IIIIIIIIIZ": 16.178655908115097, "IIIIIIIZII": 2.353972968414628, "IIIIIIZIII": 2.353972968414628, "IIZIIIIIII": 1.956899932015653, "ZIIIIIIIII": 1.956899932015653, "IIIZIIIIII": 1.956899932015653, "IZIIIIIIII": 1.956899932015653, "IIIIIZIIII": 1.9568999320156526, "IIIIZIIIII": 1.9568999320156526, "IIIIIIIIZZ": 1.3413830520564272, "IIIIIZIIZI": 0.3160089378107235, "ZIIIIIIIIZ": 0.3160089378107235, "IZIIIIIIZI": 0.3160089378107235, "IIIIZIIIIZ": 0.3160089378107235, "IIZIIIIIIZ": 0.3160089378107235, "IIIZIIIIZI": 0.3160089378107235, "IIIIIIZIIZ": 0.31550564883355414, "IIIIIIIZZI": 0.31550564883355414, "IIIZIIIIIZ": 0.30863415210293266, "IZIIIIIIIZ": 0.30863415210293266, "IIIIZIIIZI": 0.30863415210293266, "IIZIIIIIZI": 0.30863415210293266, "IIIIIZIIIZ": 0.30863415210293266, "ZIIIIIIIZI": 0.30863415210293266, "IIIIIIIZIZ": 0.2946192580588185, "IIIIIIZIZI": 0.2946192580588185, "IIIIZZIIII": 0.24937840648241447, "ZZIIIIIIII": 0.24937840648241447, "IIZZIIIIII": 0.24937840648241447, "IIZIIIIZII": 0.2276015768997608, "IIIZIIZIII": 0.2276015768997608, "IIIIZIIZII": 0.2276015768997608, "IZIIIIZIII": 0.2276015768997608, "IIIIIZZIII": 0.2276015768997608, "ZIIIIIIZII": 0.2276015768997608, "IIIIIIZZII": 0.22479128596113165, "IZZIIIIIII": 0.22249322143329514, "IIIZZIIIII": 0.22249322143329514, "IIZIIZIIII": 0.22249322143329514, "ZIIIIZIIII": 0.22249322143329514, "ZIIZIIIIII": 0.22249322143329514, "IZIIZIIIII": 0.22249322143329514, "ZIZIIIIIII": 0.20905062890873555, "IZIIIZIIII": 0.20905062890873555, "IZIZIIIIII": 0.20905062890873555, "IIZIZIIIII": 0.20905062890873555, "ZIIIZIIIII": 0.20905062890873555, "IIIZIZIIII": 0.20905062890873555, "IIIIZIZIII": 0.1787842922503693, "IIIIIZIZII": 0.1787842922503693, "ZIIIIIZIII": 0.1787842922503693, "IIIZIIIZII": 0.1787842922503693, "IIZIIIZIII": 0.1787842922503693, "IZIIIIIZII": 0.1787842922503693, "IIIIIIXZXI": -0.1754669478597671, "IIIIIIIXZX": -0.1754669478597671, "IIIIIIIYZY": -0.1754669478597671, "IIIIIIYZYI": -0.1754669478597671, "IIIIIIIYIY": -0.13337828720680342, "IIIIIIYZYZ": -0.13337828720680342, "IIIIIIIXIX": -0.13337828720680342, "IIIIIIXZXZ": -0.13337828720680342, "XYIIIIYXII": 0.04881728464939153, "IIIIYXXYII": 0.04881728464939153, "IIYYIIXXII": -0.04881728464939153, "IIXYIIYXII": 0.04881728464939153, "IIXXIIYYII": -0.04881728464939153, "XXIIIIYYII": -0.04881728464939153, "IIIIXXYYII": -0.04881728464939153, "IIYXIIXYII": 0.04881728464939153, "YYIIIIXXII": -0.04881728464939153, "IIIIXYYXII": 0.04881728464939153, "YXIIIIXYII": 0.04881728464939153, "IIIIYYXXII": -0.04881728464939153, "IIIIIIYYXX": -0.020886390774735586, "IIIIIIYXXY": 0.020886390774735586, "IIIIIIXYYX": 0.020886390774735586, "IIIIIIXXYY": -0.020886390774735586, "ZIIIIIXZXI": -0.014090663416576287, "IIIZIIIYZY": -0.014090663416576287, "IZIIIIIYZY": -0.014090663416576287, "IIIZIIIXZX": -0.014090663416576287, "IZIIIIIXZX": -0.014090663416576287, "IIZIIIXZXI": -0.014090663416576287, "IIIIZIXZXI": -0.014090663416576287, "IIIIIZIYZY": -0.014090663416576287, "IIZIIIYZYI": -0.014090663416576287, "IIIIZIYZYI": -0.014090663416576287, "ZIIIIIYZYI": -0.014090663416576287, "IIIIIZIXZX": -0.014090663416576287, "YYIIXXIIII": -0.01344259252455962, "IIXYYXIIII": 0.01344259252455962, "XYYXIIIIII": 0.01344259252455962, "IIYYXXIIII": -0.01344259252455962, "IIYXXYIIII": 0.01344259252455962, "XXIIYYIIII": -0.01344259252455962, "XYIIYXIIII": 0.01344259252455962, "IIXXYYIIII": -0.01344259252455962, "XXYYIIIIII": -0.01344259252455962, "YXXYIIIIII": 0.01344259252455962, "YXIIXYIIII": 0.01344259252455962, "YYXXIIIIII": -0.01344259252455962, "IIIIYYIYYI": 0.010197577877635948, "IIXXIIYZZY": 0.010197577877635948, "IIXXIIIXXI": 0.010197577877635948, "XYIIIIYZZX": -0.010197577877635948, "IIXYIIYZZX": -0.010197577877635948, "YXIIIIXZZY": -0.010197577877635948, "IIXYIIIYXI": 0.010197577877635948, "IIIIYXIXYI": 0.010197577877635948, "XXIIIIIXXI": 0.010197577877635948, "XXIIIIYZZY": 0.010197577877635948, "YYIIIIIYYI": 0.010197577877635948, "IIIIXXIXXI": 0.010197577877635948, "IIIIXYIYXI": 0.010197577877635948, "YYIIIIXZZX": 0.010197577877635948, "XYIIIIIYXI": 0.010197577877635948, "IIIIYYXZZX": 0.010197577877635948, "IIIIXXYZZY": 0.010197577877635948, "IIIIYXXZZY": -0.010197577877635948, "IIYYIIIYYI": 0.010197577877635948, "YXIIIIIXYI": 0.010197577877635948, "IIYYIIXZZX": 0.010197577877635948, "IIYXIIIXYI": 0.010197577877635948, "IIYXIIXZZY": -0.010197577877635948, "IIIIXYYZZX": -0.010197577877635948, "YXIIIIIIXY": 0.007374785707790814, "IIYXIIIIXY": 0.007374785707790814, "IIYYIIIIXX": -0.007374785707790814, "YYIIIIIIXX": -0.007374785707790814, "IIIIYYIIXX": -0.007374785707790814, "IIXXIIIIYY": -0.007374785707790814, "IIIIYXIIXY": 0.007374785707790814, "IIXYIIIIYX": 0.007374785707790814, "XXIIIIIIYY": -0.007374785707790814, "IIIIXXIIYY": -0.007374785707790814, "IIIIXYIIYX": 0.007374785707790814, "XYIIIIIIYX": 0.007374785707790814, "IIIIIIYIYI": -0.006121162741928755, "IIIIIIXIXI": -0.006121162741928755, "IIIIIIZXZX": -0.006121162741928755, "IIIIIIZYZY": -0.006121162741928755, "IIIIZIIYZY": -0.0038930855389403417, "IZIIIIXZXI": -0.0038930855389403417, "IIIIZIIXZX": -0.0038930855389403417, "ZIIIIIIYZY": -0.0038930855389403417, "IIZIIIIXZX": -0.0038930855389403417, "ZIIIIIIXZX": -0.0038930855389403417, "IIZIIIIYZY": -0.0038930855389403417, "IZIIIIYZYI": -0.0038930855389403417, "IIIZIIYZYI": -0.0038930855389403417, "IIIIIZXZXI": -0.0038930855389403417, "IIIIIZYZYI": -0.0038930855389403417, "IIIZIIXZXI": -0.0038930855389403417}