{"greedy_search": {"2": {"stab_indices": [0, 1, 4], "vqe_energy": -14.389438956751109, "ansatz": {"IY": 0.41649325002289156, "ZY": 0.0, "YI": 0.21275110835515734, "YZ": 0.21236563330031957}}, "3": {"stab_indices": [0, 4], "vqe_energy": -14.403265428353867, "ansatz": {"IIY": 0.26924349577977696, "ZZY": 0.1117781459921879, "IYI": 0.2687224004093448, "ZYZ": 0.11110675477631464, "YII": 0.2684954943737134, "YZZ": 0.11250196055348058}}}, "ref_state": [1, 1, 0, 0, 0], "ansatz_pool": {"IIIIY": -0.0002116124652161902, "IZZZY": 0.0002116124652161902, "ZIZZY": 0.0002116124652161902, "ZZIIY": -0.0002116124652161902, "IIIYI": -0.00021161246521619024, "IZZYZ": 0.00021161246521619024, "ZIZYZ": 0.00021161246521619024, "ZZIYI": -0.00021161246521619024, "IIYII": -0.00021161246521619024, "IZYZZ": 0.00021161246521619024, "ZIYZZ": 0.00021161246521619024, "ZZYII": -0.00021161246521619024, "IXIIY": 0.0008888397909741201, "IYIIX": -0.0008888397909741201, "ZXZZY": -0.0008888397909741201, "ZYZZX": 0.0008888397909741201, "IXIYI": 0.0008888397909741201, "IYIXI": -0.0008888397909741201, "ZXZYZ": -0.0008888397909741201, "ZYZXZ": 0.0008888397909741201, "IXYII": 0.0008888397909741201, "IYXII": -0.0008888397909741201, "ZXYZZ": -0.0008888397909741201, "ZYXZZ": 0.0008888397909741201, "XIIIY": -0.0008888397909741201, "XZZZY": 0.0008888397909741201, "YIIIX": 0.0008888397909741201, "YZZZX": -0.0008888397909741201, "XIIYI": -0.0008888397909741201, "XZZYZ": 0.0008888397909741201, "YIIXI": 0.0008888397909741201, "YZZXZ": -0.0008888397909741201, "XIYII": -0.0008888397909741201, "XZYZZ": 0.0008888397909741201, "YIXII": 0.0008888397909741201, "YZXZZ": -0.0008888397909741201, "XXIIY": -0.04923839714756993, "XYIIX": 0.04923839714756993, "YXIIX": 0.04923839714756993, "YYIIY": 0.04923839714756993, "XXIYI": -0.04923839714756992, "XYIXI": 0.04923839714756992, "YXIXI": 0.04923839714756992, "YYIYI": 0.04923839714756992, "XXYII": -0.04923839714756992, "XYXII": 0.04923839714756992, "YXXII": 0.04923839714756992, "YYYII": 0.04923839714756992}, "observable": {"IIIII": -8.672007378626358, "IIIIZ": -0.29686495248710315, "IIIZI": -0.2968649524871032, "IIIZZ": 0.38923559303374233, "IIZII": -0.2968649524871033, "IIZIZ": 0.38923559303374233, "IIZZI": 0.38923559303374233, "IIZZZ": 0.26346920025692533, "IZIII": -0.04669169228823397, "IZIIZ": 0.18309620710706098, "IZIZI": 0.18309620710706098, "IZIZZ": 0.28071464858438344, "IZZII": 0.18309620710706098, "IZZIZ": 0.28071464858438344, "IZZZI": 0.28071464858438344, "IZZZZ": 2.243229244264408, "ZIIII": -0.04669169228823408, "ZIIIZ": 0.18309620710706098, "ZIIZI": 0.18309620710706098, "ZIIZZ": 0.28071464858438344, "ZIZII": 0.18309620710706098, "ZIZIZ": 0.28071464858438344, "ZIZZI": 0.28071464858438344, "ZIZZZ": 2.243229244264408, "ZZIII": 0.6698678645034266, "ZZZZZ": 0.2856181541250914, "IIIIX": -0.003899769643755053, "IZZZX": 0.003899769643755053, "ZIZZX": 0.003899769643755053, "ZZIIX": -0.003899769643755053, "IIIXI": -0.003899769643755053, "IZZXZ": 0.003899769643755053, "ZIZXZ": 0.003899769643755053, "ZZIXI": -0.003899769643755053, "IIIXX": 0.01212468961058548, "IIIYY": 0.01212468961058548, "IIXII": -0.003899769643755053, "IZXZZ": 0.003899769643755053, "ZIXZZ": 0.003899769643755053, "ZZXII": -0.003899769643755053, "IIXIX": 0.01212468961058548, "IIYIY": 0.01212468961058548, "IIXXI": 0.01212468961058548, "IIYYI": 0.01212468961058548, "IXIII": 0.05977158959004024, "IXZZZ": -0.05977158959004024, "ZXIII": -0.03806162406796886, "ZXIIZ": -0.009610613682900549, "ZXIZI": -0.009610613682900549, "ZXIZZ": 0.009610613682900549, "ZXZII": -0.009610613682900549, "ZXZIZ": 0.009610613682900549, "ZXZZI": 0.009610613682900549, "ZXZZZ": 0.03806162406796886, "IXIIX": 0.0051406428074130504, "IYIIY": 0.0051406428074130504, "ZXZZX": -0.0051406428074130504, "ZYZZY": -0.0051406428074130504, "IXIXI": 0.0051406428074130504, "IYIYI": 0.0051406428074130504, "ZXZXZ": -0.0051406428074130504, "ZYZYZ": -0.0051406428074130504, "IXXII": 0.0051406428074130504, "IYYII": 0.0051406428074130504, "ZXXZZ": -0.0051406428074130504, "ZYYZZ": -0.0051406428074130504, "XIIII": -0.059771589590040225, "XIZZZ": 0.059771589590040225, "XZIII": 0.03806162406796886, "XZIIZ": 0.009610613682900549, "XZIZI": 0.009610613682900549, "XZIZZ": -0.009610613682900549, "XZZII": 0.009610613682900549, "XZZIZ": -0.009610613682900549, "XZZZI": -0.009610613682900549, "XZZZZ": -0.03806162406796886, "XIIIX": -0.00514064280741305, "XZZZX": 0.00514064280741305, "YIIIY": -0.00514064280741305, "YZZZY": 0.00514064280741305, "XIIXI": -0.00514064280741305, "XZZXZ": 0.00514064280741305, "YIIYI": -0.00514064280741305, "YZZYZ": 0.00514064280741305, "XIXII": -0.00514064280741305, "XZXZZ": 0.00514064280741305, "YIYII": -0.00514064280741305, "YZYZZ": 0.00514064280741305, "YYIII": -0.022148953868166094, "YYZZZ": 0.022148953868166094, "XXIIX": -0.02170224486538039, "XYIIY": -0.02170224486538039, "YXIIY": -0.02170224486538039, "YYIIX": 0.02170224486538039, "XXIXI": -0.02170224486538039, "XYIYI": -0.02170224486538039, "YXIYI": -0.02170224486538039, "YYIXI": 0.02170224486538039, "XXXII": -0.02170224486538039, "XYYII": -0.02170224486538039, "YXYII": -0.02170224486538039, "YYXII": 0.02170224486538039}, "cs_vqe_model": {"generators": {"IIIIZ": 1.0, "IIIZZ": 1.0, "IIZIZ": 1.0, "ZIZZZ": -1.0}, "clique_op": {"IZZZZ": -0.999999999999552, "IXIII": -9.464945155297126e-07}, "nc_energy": -14.351880476200831}}