{"IIII": -2.848854564577839, "IIZI": 0.7306803591021698, "IIIZ": 0.7306803591021698, "IIZZ": 0.23635711961355588, "IZII": 0.21460047442917846, "ZIII": 0.21460047442917846, "ZZII": 0.18678914880770348, "IZZI": 0.14963951232856385, "ZIIZ": 0.14963951232856385, "ZIZI": 0.11793380221837754, "IZIZ": 0.11793380221837754, "IYZY": -0.05804465699825888, "IXZX": -0.05804465699825888, "XZXI": -0.05804465699825887, "YZYI": -0.05804465699825887, "XZXZ": -0.04383972524362703, "IYIY": -0.04383972524362703, "YZYZ": -0.04383972524362703, "IXIX": -0.04383972524362703, "YYXX": -0.0317057101101863, "YXXY": 0.0317057101101863, "XXYY": -0.0317057101101863, "XYYX": 0.0317057101101863, "XIXI": 0.014204930207801038, "ZYZY": 0.014204930207801038, "YIYI": 0.014204930207801038, "ZXZX": 0.014204930207801038}