{"IIIIIIII": -1.077156586773906, "ZIIIIIII": -0.7871902805825267, "IZIIIIII": -0.7871902805825267, "IIIZIIII": -0.5636159220629072, "IIZIIIII": -0.5636159220629071, "IIIIIIZZ": 0.25409528453397906, "IIIIIIIZ": 0.209684119837517, "IIIIIIZI": 0.209684119837517, "IIIIZIII": -0.205757380144716, "IIIIIZII": -0.205757380144716, "IZIIIIZI": 0.2028860268824439, "ZIIIIIIZ": 0.2028860268824439, "ZZIIIIII": 0.1763769683192345, "IZIIIIIZ": 0.15555755126394338, "ZIIIIIZI": 0.15555755126394338, "IIZZIIII": 0.15299753844403494, "IIZIIIIZ": 0.14037929456667655, "IIIZIIZI": 0.14037929456667655, "IIIIIZZI": 0.13201055043476773, "IIIIZIIZ": 0.13201055043476773, "IIIIZZII": 0.12981021976598628, "IIZIIZII": 0.1297316193044878, "IIIZZIII": 0.1297316193044878, "IIIZIIIZ": 0.12366896985066775, "IIZIIIZI": 0.12366896985066775, "IZZIIIII": 0.1167105685164391, "ZIIZIIII": 0.1167105685164391, "ZIIIIZII": 0.11313097070299195, "IZIIZIII": 0.11313097070299195, "IIIIIZIZ": 0.10815595540719468, "IIIIZIZI": 0.10815595540719468, "IIIZIZII": 0.10602591235256142, "IIZIZIII": 0.10602591235256142, "IZIZIIII": 0.102964420450393, "ZIZIIIII": 0.102964420450393, "IZIIIZII": 0.09759591107540255, "ZIIIZIII": 0.09759591107540255, "YZZZZZYZ": -0.06453031981962822, "XZZZZZXZ": -0.06453031981962822, "IYZZZZIY": -0.06453031981962822, "IXZZZZIX": -0.06453031981962822, "IIYZZZYI": 0.0548752339100573, "IIIXZZZX": 0.0548752339100573, "IIIYZZZY": 0.0548752339100573, "IIXZZZXI": 0.0548752339100573, "ZXZZZZZX": -0.051072953289403415, "ZYZZZZZY": -0.051072953289403415, "YIZZZZYI": -0.051072953289403415, "XIZZZZXI": -0.051072953289403415, "IIIXZXII": -0.04820544583151451, "IIIYZYII": -0.04820544583151451, "IIYZYIII": -0.048205445831514454, "IIXZXIII": -0.048205445831514454, "YXIIIIXY": 0.047328475618500496, "XYIIIIYX": 0.047328475618500496, "XXIIIIYY": -0.047328475618500496, "YYIIIIXX": -0.047328475618500496, "YZZZYIIZ": -0.0450979033182701, "IXZZZXZI": -0.0450979033182701, "IYZZZYZI": -0.0450979033182701, "XZZZXIIZ": -0.0450979033182701, "IIZXZXII": 0.038606438106464476, "IIZYZYII": 0.038606438106464476, "IIYIYIII": 0.03860643810646447, "IIXIXIII": 0.03860643810646447, "IIIIYZYZ": -0.036554274128072065, "IIIIXZXZ": -0.036554274128072065, "IIIIIXIX": -0.036554274128072065, "IIIIIYIY": -0.036554274128072065, "IYZYIIII": -0.0364539746433762, "IXZXIIII": -0.0364539746433762, "YZYIIIII": -0.0364539746433762, "XZXIIIII": -0.0364539746433762, "IIXZXIIZ": 0.03387683733879887, "IIYZYIIZ": 0.03387683733879887, "IIIYZYZI": 0.03387683733879887, "IIIXZXZI": 0.03387683733879887, "YIZZYIII": -0.03241486267379239, "ZXZZZXII": -0.03241486267379239, "XIZZXIII": -0.03241486267379239, "ZYZZZYII": -0.03241486267379239, "ZIIIIYZY": -0.030600798670277693, "ZIIIIXZX": -0.030600798670277693, "IZIIYZYI": -0.030600798670277693, "IZIIXZXI": -0.030600798670277693, "IIZXZZZX": -0.028750443071171757, "IIXIZZXI": -0.028750443071171757, "IIZYZZZY": -0.028750443071171757, "IIYIZZYI": -0.028750443071171757, "YZZZZYXX": -0.02456115618897721, "IXZZYIYX": -0.02456115618897721, "YZZZZXXY": 0.02456115618897721, "IXZZXIXX": -0.02456115618897721, "IYZZXIXY": -0.02456115618897721, "IYZZYIYY": -0.02456115618897721, "XZZZZXYY": -0.02456115618897721, "XZZZZYYX": 0.02456115618897721, "IIIIXYYX": 0.02385459502757305, "IIIIYXXY": 0.02385459502757305, "IIIIXXYY": -0.02385459502757305, "IIIIYYXX": -0.02385459502757305, "IIYXXYII": 0.023705706951926347, "IIXYYXII": 0.023705706951926347, "IIYYXXII": -0.023705706951926347, "IIXXYYII": -0.023705706951926347, "IIIXIXII": 0.02359419594977977, "IIXZXZII": 0.02359419594977977, "IIIYIYII": 0.02359419594977977, "IIYZYZII": 0.02359419594977977, "IIYZYIZI": 0.022769127450946357, "IIIYZYIZ": 0.022769127450946357, "IIXZXIZI": 0.022769127450946357, "IIIXZXIZ": 0.022769127450946357, "ZIIXZXII": 0.022532771797333123, "IZXZXIII": 0.022532771797333123, "ZIIYZYII": 0.022532771797333123, "IZYZYIII": 0.022532771797333123, "XZZIXIII": -0.021695985832689457, "YZZIYIII": -0.021695985832689457, "IYIZZYII": -0.021695985832689457, "IXIZZXII": -0.021695985832689457, "IYZZZYIZ": -0.020536747129292883, "XZZZXIZI": -0.020536747129292883, "IXZZZXIZ": -0.020536747129292883, "YZZZYIZI": -0.020536747129292883, "ZIXZXIII": 0.02011800449705775, "IZIYZYII": 0.02011800449705775, "ZIYZYIII": 0.02011800449705775, "IZIXZXII": 0.02011800449705775, "YZZZYIII": 0.019023224046528536, "XZZZXIII": 0.019023224046528536, "IXZZZXII": 0.01902322404652851, "IYZZZYII": 0.01902322404652851, "IIIYIZZY": -0.018579502398829918, "IIYZZIYI": -0.018579502398829918, "IIIXIZZX": -0.018579502398829918, "IIXZZIXI": -0.018579502398829918, "YYIIXZZX": -0.01853360649724128, "YXIIXZZY": 0.01853360649724128, "XXIIIXXI": -0.01853360649724128, "XXIIYZZY": -0.01853360649724128, "YYIIIYYI": -0.01853360649724128, "YXIIIXYI": -0.01853360649724128, "XYIIIYXI": -0.01853360649724128, "XYIIYZZX": 0.01853360649724128, "IXIXIIII": 0.017884354696355867, "XZXZIIII": 0.017884354696355867, "YZYZIIII": 0.017884354696355867, "IYIYIIII": 0.017884354696355867, "IIYYIIXX": -0.01671032471600879, "IIYXIIXY": 0.01671032471600879, "IIXYIIYX": 0.01671032471600879, "IIXXIIYY": -0.01671032471600879, "IXZZIXII": -0.01601968870950262, "YZZZYZII": -0.01601968870950262, "IYZZIYII": -0.01601968870950262, "XZZZXZII": -0.01601968870950262, "YYIIXXII": -0.0155350596275894, "YXIIXYII": 0.0155350596275894, "XYIIYXII": 0.0155350596275894, "XXIIYYII": -0.0155350596275894, "IYZIZYII": -0.014527337188530307, "XZIZXIII": -0.014527337188530307, "IXZIZXII": -0.014527337188530307, "YZIZYIII": -0.014527337188530307, "IYZYZIII": 0.014478953990149954, "YZYIIZII": 0.014478953990149954, "IXZXZIII": 0.014478953990149954, "XZXIIZII": 0.014478953990149954, "IIIIXZXI": -0.01434130113737847, "IIIIYZYI": -0.01434130113737847, "IIIIIYZY": -0.014341301137378464, "IIIIIXZX": -0.014341301137378464, "IIXXYZZY": 0.014158447955328682, "IIYXXZZY": -0.014158447955328682, "IIYYXZZX": 0.014158447955328682, "IIXYIYXI": 0.014158447955328682, "IIXXIXXI": 0.014158447955328682, "IIYXIXYI": 0.014158447955328682, "IIXYYZZX": -0.014158447955328682, "IIYYIYYI": 0.014158447955328682, "IIYZIZYI": -0.014020283682433264, "IIIXZIZX": -0.014020283682433264, "IIXZIZXI": -0.014020283682433264, "IIIYZIZY": -0.014020283682433264, "XYYXIIII": 0.013746148066046094, "XXYYIIII": -0.013746148066046094, "YXXYIIII": 0.013746148066046094, "YYXXIIII": -0.013746148066046094, "IXZIZZZX": -0.013577578226080767, "YZIZZZYI": -0.013577578226080767, "XZIZZZXI": -0.013577578226080767, "IYZIZZZY": -0.013577578226080767, "IXZZZZZX": 0.01347634803490999, "IYZZZZZY": 0.01347634803490999, "XZZZZZXI": 0.013476348034909963, "YZZZZZYI": 0.013476348034909963, "IIIZYZYI": 0.013220964675782352, "IIIZXZXI": 0.013220964675782352, "IIZIIXZX": 0.013220964675782352, "IIZIIYZY": 0.013220964675782352, "IIXZZZXZ": -0.01318630650556003, "IIYZZZYZ": -0.01318630650556003, "IIIXZZIX": -0.01318630650556003, "IIIYZZIY": -0.01318630650556003, "IXYYZZXI": -0.012384883203187513, "IYYXZZXI": 0.012384883203187513, "IXXYZZYI": 0.012384883203187513, "IYXXZZYI": -0.012384883203187513, "YZYXZZZX": -0.01238488320318751, "XZXYZZZY": -0.01238488320318751, "YZYYZZZY": -0.01238488320318751, "XZXXZZZX": -0.01238488320318751, "IXZXIXZX": 0.012260715629529243, "IYZYIYZY": 0.012260715629529243, "YZYIYZYI": 0.012260715629529243, "XZXIXZXI": 0.012260715629529243, "XZXIIYZY": 0.012252550817875985, "XZXIIXZX": 0.012252550817875985, "YZYIIXZX": 0.012252550817875985, "IYZYYZYI": 0.012252550817875985, "IXZXYZYI": 0.012252550817875985, "IYZYXZXI": 0.012252550817875985, "YZYIIYZY": 0.012252550817875985, "IXZXXZXI": 0.012252550817875985, "ZIIIXZXI": -0.012067192173036406, "IZIIIXZX": -0.012067192173036406, "ZIIIYZYI": -0.012067192173036406, "IZIIIYZY": -0.012067192173036406, "XZZYYXII": -0.01180084609810658, "YZZXXYII": -0.01180084609810658, "YZZYXXII": 0.01180084609810658, "IYXIXYII": 0.01180084609810658, "IXYIYXII": 0.01180084609810658, "IXXIXXII": 0.01180084609810658, "XZZXYYII": 0.01180084609810658,