{"IIIIIIII": -1.0771775905780405, "ZIIIIIII": -0.7872000538012328, "IZIIIIII": -0.7872000538012328, "IIZIIIII": -0.5636087105645428, "IIIZIIII": -0.5636087105645426, "IIIIIIZZ": 0.25409691201448364, "IIIIIIIZ": 0.2096880286601801, "IIIIIIZI": 0.2096880286601801, "IIIIIZII": -0.20575987486466207, "IIIIZIII": -0.20575987486466196, "IZIIIIZI": 0.20288663404852258, "ZIIIIIIZ": 0.20288663404852258, "ZZIIIIII": 0.17637655006305558, "IZIIIIIZ": 0.15555807024362658, "ZIIIIIZI": 0.15555807024362658, "IIZZIIII": 0.15299632967471263, "IIZIIIIZ": 0.14038312128440686, "IIIZIIZI": 0.14038312128440686, "IIIIIZZI": 0.13201070301915094, "IIIIZIIZ": 0.13201070301915094, "IIIIZZII": 0.12980832321910135, "IIZIIZII": 0.1297293388130673, "IIIZZIII": 0.1297293388130673, "IIIZIIIZ": 0.12367160257845096, "IIZIIIZI": 0.12367160257845096, "IZZIIIII": 0.11671450457272561, "ZIIZIIII": 0.11671450457272561, "ZIIIIZII": 0.11313201685119673, "IZIIZIII": 0.11313201685119673, "IIIIIZIZ": 0.10815644601656363, "IIIIZIZI": 0.10815644601656363, "IIIZIZII": 0.10602525236186967, "IIZIZIII": 0.10602525236186967, "IZIZIIII": 0.10296650550822899, "ZIZIIIII": 0.10296650550822899, "IZIIIZII": 0.09759615307579124, "ZIIIZIII": 0.09759615307579124, "YZZZZZYZ": -0.064529880648913, "XZZZZZXZ": -0.064529880648913, "IYZZZZIY": -0.064529880648913, "IXZZZZIX": -0.064529880648913, "IIYZZZYI": 0.054876134599603096, "IIIXZZZX": 0.054876134599603096, "IIIYZZZY": 0.054876134599603096, "IIXZZZXI": 0.054876134599603096, "ZXZZZZZX": -0.05107264538120067, "ZYZZZZZY": -0.05107264538120067, "YIZZZZYI": -0.05107264538120067, "XIZZZZXI": -0.05107264538120067, "IIYZYIII": -0.048202432661068606, "IIIXZXII": -0.048202432661068606, "IIXZXIII": -0.048202432661068606, "IIIYZYII": -0.048202432661068606, "YXIIIIXY": 0.04732856380489602, "XYIIIIYX": 0.04732856380489602, "XXIIIIYY": -0.04732856380489602, "YYIIIIXX": -0.04732856380489602, "YZZZYIIZ": -0.04509942715841514, "IXZZZXZI": -0.04509942715841514, "IYZZZYZI": -0.04509942715841514, "XZZZXIIZ": -0.04509942715841514, "IIZXZXII": 0.03860486916262261, "IIYIYIII": 0.03860486916262261, "IIZYZYII": 0.03860486916262261, "IIXIXIII": 0.03860486916262261, "IIIIYZYZ": -0.03655370051090374, "IIIIXZXZ": -0.03655370051090374, "IIIIIXIX": -0.03655370051090374, "IIIIIYIY": -0.03655370051090374, "IYZYIIII": -0.03645531450696744, "IXZXIIII": -0.03645531450696744, "YZYIIIII": -0.03645531450696744, "XZXIIIII": -0.03645531450696744, "IIXZXIIZ": 0.033876850929351714, "IIYZYIIZ": 0.033876850929351714, "IIIYZYZI": 0.033876850929351714, "IIIXZXZI": 0.033876850929351714, "YIZZYIII": -0.032416000754309476, "ZXZZZXII": -0.032416000754309476, "XIZZXIII": -0.032416000754309476, "ZYZZZYII": -0.032416000754309476, "ZIIIIYZY": -0.030599718431112373, "ZIIIIXZX": -0.030599718431112373, "IZIIYZYI": -0.030599718431112373, "IZIIXZXI": -0.030599718431112373, "IIZXZZZX": -0.028750436700870546, "IIXIZZXI": -0.028750436700870546, "IIZYZZZY": -0.028750436700870546, "IIYIZZYI": -0.028750436700870546, "YZZZZYXX": -0.02456153902543084, "IXZZYIYX": -0.02456153902543084, "YZZZZXXY": 0.02456153902543084, "IXZZXIXX": -0.02456153902543084, "IYZZXIXY": -0.02456153902543084, "IYZZYIYY": -0.02456153902543084, "XZZZZXYY": -0.02456153902543084, "XZZZZYYX": 0.02456153902543084, "IIIIXYYX": 0.023854257002587313, "IIIIYXXY": 0.023854257002587313, "IIIIXXYY": -0.023854257002587313, "IIIIYYXX": -0.023854257002587313, "IIYXXYII": 0.023704086451197634, "IIXYYXII": 0.023704086451197634, "IIYYXXII": -0.023704086451197634, "IIXXYYII": -0.023704086451197634, "IIIXIXII": 0.023592403583222597, "IIXZXZII": 0.023592403583222597, "IIIYIYII": 0.023592403583222597, "IIYZYZII": 0.023592403583222597, "IIYZYIZI": 0.022769132937924444, "IIIYZYIZ": 0.022769132937924444, "IIXZXIZI": 0.022769132937924444, "IIIXZXIZ": 0.022769132937924444, "ZIIXZXII": 0.02253322374128905, "IZXZXIII": 0.02253322374128905, "ZIIYZYII": 0.02253322374128905, "IZYZYIII": 0.02253322374128905, "XZZIXIII": -0.021697542220743056, "YZZIYIII": -0.021697542220743056, "IYIZZYII": -0.021697542220743056, "IXIZZXII": -0.021697542220743056, "IYZZZYIZ": -0.0205378881329843, "XZZZXIZI": -0.0205378881329843, "IXZZZXIZ": -0.0205378881329843, "YZZZYIZI": -0.0205378881329843, "ZIXZXIII": 0.02011791977064441, "IZIYZYII": 0.02011791977064441, "ZIYZYIII": 0.02011791977064441, "IZIXZXII": 0.02011791977064441, "YZZZYIII": 0.01902503810554121, "XZZZXIII": 0.01902503810554121, "IXZZZXII": 0.019025038105541153, "IYZZZYII": 0.019025038105541153, "IIIYIZZY": -0.018579401654729107, "IIYZZIYI": -0.018579401654729107, "IIIXIZZX": -0.018579401654729107, "IIXZZIXI": -0.018579401654729107, "XXIIIXXI": -0.01853331032245044, "YYIIIYYI": -0.01853331032245044, "YXIIIXYI": -0.01853331032245044, "XYIIIYXI": -0.01853331032245044, "YYIIXZZX": -0.018533310322450435, "YXIIXZZY": 0.018533310322450435, "XXIIYZZY": -0.018533310322450435, "XYIIYZZX": 0.018533310322450435, "IXIXIIII": 0.017884829874556626, "XZXZIIII": 0.017884829874556626, "YZYZIIII": 0.017884829874556626, "IYIYIIII": 0.017884829874556626, "IIYYIIXX": -0.016711518705955896, "IIYXIIXY": 0.016711518705955896, "IIXYIIYX": 0.016711518705955896, "IIXXIIYY": -0.016711518705955896, "IXZZIXII": -0.016020195716659007, "YZZZYZII": -0.016020195716659007, "IYZZIYII": -0.016020195716659007, "XZZZXZII": -0.016020195716659007, "YYIIXXII": -0.015535863775405494, "YXIIXYII": 0.015535863775405494, "XYIIYXII": 0.015535863775405494, "XXIIYYII": -0.015535863775405494, "IYZIZYII": -0.014528614615646616, "XZIZXIII": -0.014528614615646616, "IXZIZXII": -0.014528614615646616, "YZIZYIII": -0.014528614615646616, "IYZYZIII": 0.014479643593328918, "YZYIIZII": 0.014479643593328918, "IXZXZIII": 0.014479643593328918, "XZXIIZII": 0.014479643593328918, "IIIIXZXI": -0.014339146458656929, "IIIIYZYI": -0.014339146458656929, "IIIIIYZY": -0.014339146458656929, "IIIIIXZX": -0.014339146458656929, "IIXXYZZY": 0.014157992363913486, "IIYXXZZY": -0.014157992363913486, "IIYYXZZX": 0.014157992363913486, "IIXYIYXI": 0.014157992363913486, "IIXXIXXI": 0.014157992363913486, "IIYXIXYI": 0.014157992363913486, "IIXYYZZX": -0.014157992363913486, "IIYYIYYI": 0.014157992363913486, "IIYZIZYI": -0.014020839014657413, "IIIXZIZX": -0.014020839014657413, "IIXZIZXI": -0.014020839014657413, "IIIYZIZY": -0.014020839014657413, "XYYXIIII": 0.013747999064496636, "XXYYIIII": -0.013747999064496636, "YXXYIIII": 0.013747999064496636, "YYXXIIII": -0.013747999064496636, "IXZIZZZX": -0.013578478414052098, "YZIZZZYI": -0.013578478414052098, "XZIZZZXI": -0.013578478414052098, "IYZIZZZY": -0.013578478414052098, "IXZZZZZX": 0.013475684149923062, "IYZZZZZY": 0.013475684149923062, "XZZZZZXI": 0.013475684149923062, "YZZZZZYI": 0.013475684149923062, "IIIZYZYI": 0.013219314408037853, "IIIZXZXI": 0.013219314408037853, "IIZIIXZX": 0.013219314408037853, "IIZIIYZY": 0.013219314408037853, "IIXZZZXZ": -0.013188094834283197, "IIYZZZYZ": -0.013188094834283197, "IIIXZZIX": -0.013188094834283196, "IIIYZZIY": -0.013188094834283196, "IXYYZZXI": -0.012386243723241819, "IYYXZZXI": 0.012386243723241819, "IXXYZZYI": 0.012386243723241819, "IYXXZZYI": -0.012386243723241819, "YZYXZZZX": -0.012386243723241817, "XZXYZZZY": -0.012386243723241817, "YZYYZZZY": -0.012386243723241817, "XZXXZZZX": -0.012386243723241817, "IXZXIXZX": 0.01226112613446102, "IYZYIYZY": 0.01226112613446102, "YZYIYZYI": 0.01226112613446102, "XZXIXZXI": 0.01226112613446102, "XZXIIYZY": 0.012253410946017257, "XZXIIXZX": 0.012253410946017257, "YZYIIXZX": 0.012253410946017257, "IYZYYZYI": 0.012253410946017257, "IXZXYZYI": 0.012253410946017257, "IYZYXZXI": 0.012253410946017257, "YZYIIYZY": 0.012253410946017257, "IXZXXZXI": 0.012253410946017257, "ZIIIXZXI": -0.012066408108661938, "IZIIIXZX": -0.012066408108661938, "ZIIIYZYI": -0.012066408108661938, "IZIIIYZY": -0.012066408108661938, "XZZYYXII": -0.011801175047735299, "YZZXXYII": -0.011801175047735299, "YZZYXXII": 0.011801175047735299, "IYXIXYII": 0.011801175047735299, "IXYIYXII": 0.011801175047735299, "IXXIXXII": 0.011801175047735299,