{"IZIIIIII": -1.1371173122365585, "ZIIIIIII": -1.1371173122365583, "IIZIIIII": -0.6757846698045186, "IIIZIIII": -0.6757846698045185, "IIIIIIZZ": 0.24918329112919033, "IIIIZIII": -0.24459538393469338, "IIIIIZII": -0.24459538393469327, "ZZIIIIII": 0.23242173684847106, "IZIIIIZI": 0.2310153098025074, "ZIIIIIIZ": 0.2310153098025074, "IIIIIIII": -0.22683086046864886, "IZIIIIIZ": 0.1762835513593064, "ZIIIIIZI": 0.1762835513593064, "IIZZIIII": 0.17119154274083687, "IIZIIZII": 0.1414523280264837, "IIIZZIII": 0.1414523280264837, "IIZIIIIZ": 0.14119746360418728, "IIIZIIZI": 0.14119746360418728, "IIIIIIIZ": 0.13839367103921174, "IIIIIIZI": 0.13839367103921152, "IIIIZZII": 0.13734855815039443, "IIIIIZZI": 0.1365862140961508, "IIIIZIIZ": 0.1365862140961508, "IIIZIIIZ": 0.12474431326255178, "IIZIIIZI": 0.12474431326255178, "ZIIIIZII": 0.1222308641436696, "IZIIZIII": 0.1222308641436696, "IZZIIIII": 0.11934196560567131, "ZIIZIIII": 0.11934196560567131, "IIIZIZII": 0.11426538953300105, "IIZIZIII": 0.11426538953300105, "IZIZIIII": 0.11242140228089657, "ZIZIIIII": 0.11242140228089657, "IIIIIZIZ": 0.11069947168922938, "IIIIZIZI": 0.11069947168922938, "IZIIIZII": 0.10720828733278123, "ZIIIZIII": 0.10720828733278123, "ZXZZZZZX": -0.07075733279176388, "ZYZZZZZY": -0.07075733279176388, "YIZZZZYI": -0.07075733279176388, "XIZZZZXI": -0.07075733279176388, "YZZZZZYZ": -0.06589307162046457, "XZZZZZXZ": -0.06589307162046457, "IYZZZZIY": -0.06589307162046457, "IXZZZZIX": -0.06589307162046457, "IIYZYIII": -0.06275999430916643, "IIXZXIII": -0.06275999430916643, "IIIXZXII": -0.0627599943091664, "IIIYZYII": -0.0627599943091664, "IIYZZZYI": 0.057127579844612655, "IIIXZZZX": 0.057127579844612655, "IIIYZZZY": 0.057127579844612655, "IIXZZZXI": 0.057127579844612655, "YXIIIIXY": 0.054731758443200974, "XYIIIIYX": 0.054731758443200974, "XXIIIIYY": -0.054731758443200974, "YYIIIIXX": -0.054731758443200974, "IIZXZXII": 0.044466035436690046, "IIYIYIII": 0.044466035436690046, "IIZYZYII": 0.044466035436690046, "IIXIXIII": 0.044466035436690046, "ZIIIIYZY": -0.04294468934881702, "ZIIIIXZX": -0.04294468934881702, "IZIIYZYI": -0.04294468934881702, "IZIIXZXI": -0.04294468934881702, "YZZZYIIZ": -0.042643758258922394, "IXZZZXZI": -0.042643758258922394, "IYZZZYZI": -0.042643758258922394, "XZZZXIIZ": -0.042643758258922394, "YIZZYIII": -0.04054889439273815, "ZXZZZXII": -0.04054889439273815, "XIZZXIII": -0.04054889439273815, "ZYZZZYII": -0.04054889439273815, "XZZZZZXI": 0.03866641314475169, "YZZZZZYI": 0.03866641314475169, "IXZZZZZX": 0.03866641314475164, "IYZZZZZY": 0.03866641314475164, "IIIIYZYZ": -0.03800840437789943, "IIIIXZXZ": -0.03800840437789943, "IIIIIXIX": -0.03800840437789943, "IIIIIYIY": -0.03800840437789943, "IIXZXIIZ": 0.03536039929445975, "IIYZYIIZ": 0.03536039929445975, "IIIYZYZI": 0.03536039929445975, "IIIXZXZI": 0.03536039929445975, "IIZXZZZX": -0.032496362095836874, "IIXIZZXI": -0.032496362095836874, "IIZYZZZY": -0.032496362095836874, "IIYIZZYI": -0.032496362095836874, "IIYXXYII": 0.02718693849348266, "IIXYYXII": 0.02718693849348266, "IIYYXXII": -0.02718693849348266, "IIXXYYII": -0.02718693849348266, "IIIXIXII": 0.026958004518891018, "IIXZXZII": 0.026958004518891018, "IIIYIYII": 0.026958004518891018, "IIYZYZII": 0.026958004518891018, "IIIIXYYX": 0.02588674240692142, "IIIIYXXY": 0.02588674240692142, "IIIIXXYY": -0.02588674240692142, "IIIIYYXX": -0.02588674240692142, "ZIIXZXII": 0.025245384180068123, "IZXZXIII": 0.025245384180068123, "ZIIYZYII": 0.025245384180068123, "IZYZYIII": 0.025245384180068123, "YZZZZYXX": -0.02500944406406074, "IXZZYIYX": -0.02500944406406074, "YZZZZXXY": 0.02500944406406074, "IXZZXIXX": -0.02500944406406074, "IYZZXIXY": -0.02500944406406074, "IYZZYIYY": -0.02500944406406074, "XZZZZXYY": -0.02500944406406074, "XZZZZYYX": 0.02500944406406074, "IYZYIIII": -0.02420599222688195, "IXZXIIII": -0.02420599222688195, "YZYIIIII": -0.024205992226881946, "XZXIIIII": -0.024205992226881946, "ZIXZXIII": 0.024156657999644088, "IZIYZYII": 0.024156657999644088, "ZIYZYIII": 0.024156657999644088, "IZIXZXII": 0.024156657999644088, "YYIIXZZX": -0.023779081485652824, "YXIIXZZY": 0.023779081485652824, "XXIIIXXI": -0.023779081485652824, "XXIIYZZY": -0.023779081485652824, "YYIIIYYI": -0.023779081485652824, "YXIIIXYI": -0.023779081485652824, "XYIIIYXI": -0.023779081485652824, "XYIIYZZX": 0.023779081485652824, "IIYZYIZI": 0.02270568875492164, "IIIYZYIZ": 0.02270568875492164, "IIXZXIZI": 0.02270568875492164, "IIIXZXIZ": 0.02270568875492164, "ZIIIXZXI": -0.019165607863164194, "IZIIIXZX": -0.019165607863164194, "ZIIIYZYI": -0.019165607863164194, "IZIIIYZY": -0.019165607863164194, "YZZZYIII": 0.019142027503773196, "XZZZXIII": 0.019142027503773196, "IXZZZXII": 0.019142027503773168, "IYZZZYII": 0.019142027503773168, "IIIYIZZY": -0.018872000185039723, "IIYZZIYI": -0.018872000185039723, "IIIXIZZX": -0.018872000185039723, "IIXZZIXI": -0.018872000185039723, "IYZZZYIZ": -0.017634314194861656, "XZZZXIZI": -0.017634314194861656, "IXZZZXIZ": -0.017634314194861656, "YZZZYIZI": -0.017634314194861656, "IIIZYZYI": 0.017468628429508554, "IIIZXZXI": 0.017468628429508554, "IIZIIXZX": 0.017468628429508554, "IIZIIYZY": 0.017468628429508554, "IIYYIIXX": -0.016453150341635484, "IIYXIIXY": 0.016453150341635484, "IIXYIIYX": 0.016453150341635484, "IIXXIIYY": -0.016453150341635484, "IIXXYZZY": 0.015677153386251263, "IIYXXZZY": -0.015677153386251263, "IIYYXZZX": 0.015677153386251263, "IIXYIYXI": 0.015677153386251263, "IIXXIXXI": 0.015677153386251263, "IIYXIXYI": 0.015677153386251263, "IIXYYZZX": -0.015677153386251263, "IIYYIYYI": 0.015677153386251263, "XZZIXIII": -0.015597928517820825, "YZZIYIII": -0.015597928517820825, "IYIZZYII": -0.015597928517820825, "IXIZZXII": -0.015597928517820825, "YYIIXXII": -0.015022576810888349, "YXIIXYII": 0.015022576810888349, "XYIIYXII": 0.015022576810888349, "XXIIYYII": -0.015022576810888349, "IXIXIIII": 0.01386610074537529, "XZXZIIII": 0.01386610074537529, "YZYZIIII": 0.01386610074537529, "IYIYIIII": 0.01386610074537529, "IIYZIZYI": -0.013791455935922767, "IIIXZIZX": -0.013791455935922767, "IIXZIZXI": -0.013791455935922767, "IIIYZIZY": -0.013791455935922767, "XZZZZIXI": -0.013112938510801433, "YZZZZIYI": -0.013112938510801433, "IYZZIZZY": -0.013112938510801433, "IXZZIZZX": -0.013112938510801433, "IXZIZZZX": -0.012670770331277805, "YZIZZZYI": -0.012670770331277805, "XZIZZZXI": -0.012670770331277805, "IYZIZZZY": -0.012670770331277805, "IIXZZXYY": 0.012654710539538105, "IIYZZYXX": 0.012654710539538105, "IIIXYIYX": 0.012654710539538105, "IIIXXIXX": 0.012654710539538105, "IIYZZXXY": -0.012654710539538105, "IIIYXIXY": 0.012654710539538105, "IIIYYIYY": 0.012654710539538105, "IIXZZYYX": -0.012654710539538105, "IXZZIXII": -0.012390893590213468, "YZZZYZII": -0.012390893590213468, "IYZZIYII": -0.012390893590213468, "XZZZXZII": -0.012390893590213468, "IYZIZYII": -0.010882383365214958, "XZIZXIII": -0.010882383365214958, "IXZIZXII": -0.010882383365214958, "YZIZYIII": -0.010882383365214958, "IXZXIXZX": 0.010695554343227727, "IYZYIYZY": 0.010695554343227727, "YZYIYZYI": 0.010695554343227727, "XZXIXZXI": 0.010695554343227727, "IYZYZIII": 0.009757156252827928, "YZYIIZII": 0.009757156252827928, "IXZXZIII": 0.009757156252827928, "XZXIIZII": 0.009757156252827928, "XZZZXXZX": 0.009359657224326431, "YZZZYYZY": 0.009359657224326431, "IYZZYXXI": -0.009359657224326431, "IYZZXXYI": 0.009359657224326431, "IXZZYYXI": 0.009359657224326431, "YZZZYXZX": 0.009359657224326431, "XZZZXYZY": 0.009359657224326431, "IXZZXYYI": -0.009359657224326431, "XZZYYXII": -0.009256283204978845, "YZZXXYII": -0.009256283204978845, "YZZYXXII": 0.009256283204978845, "IYXIXYII": 0.009256283204978845, "IXYIYXII": 0.009256283204978845, "IXXIXXII": 0.009256283204978845, "XZZXYYII": 0.009256283204978845, "IYYIYYII": 0.009256283204978845, "IIXZZZXZ": -0.008514174248294717, "IIYZZZYZ": -0.008514174248294717, "IIIXZZIX": -0.008514174248294717, "IIIYZZIY": -0.008514174248294717, "IIIIZYZY": 0.008456770885497228, "IIIIZXZX": 0.008456770885497228,