{"II": -0.27293036357730094, "ZZ": 0.19365148597997447, "ZI": 0.039639438798663246, "IZ": 0.039639438798663246}