{"IIIIIIII": 1.8671244593120329, "IZIIIIII": -1.125979639569068, "ZIIIIIII": -1.1259796395690678, "IIZIIIII": -0.7871610386909297, "IIIZIIII": -0.7871610386909296, "IIIIZIII": -0.4411651828837775, "IIIIIZII": -0.4411651828837774, "IIIIIIIZ": -0.29877152324419076, "IIIIIIZI": -0.29877152324419065, "ZZIIIIII": 0.18764740938334548, "IZIIIIZI": 0.16739837632842614, "ZIIIIIIZ": 0.16739837632842614, "IIIIIIZZ": 0.16365472163064326, "ZIIZIIII": 0.14666205283546807, "IZZIIIII": 0.14666205283546807, "IIIZIIZI": 0.14037447869046432, "IIZIIIIZ": 0.14037447869046432, "IZIIIIIZ": 0.1344589222510629, "ZIIIIIZI": 0.1344589222510629, "IIZZIIII": 0.1267333164135205, "IZIIZIII": 0.1168999498246141, "ZIIIIZII": 0.1168999498246141, "IIIIZIIZ": 0.11385484461037429, "IIIIIZZI": 0.11385484461037429, "IIIZIIIZ": 0.11171143270231047, "IIZIIIZI": 0.11171143270231047, "ZIZIIIII": 0.11160461499168306, "IZIZIIII": 0.11160461499168306, "IIIIZZII": 0.10246844146283368, "IIZIIZII": 0.10218305388481333, "IIIZZIII": 0.10218305388481333, "IZIIIZII": 0.09905793755414599, "ZIIIZIII": 0.09905793755414599, "IIIXZZZX": 0.09397678514634725, "IIIYZZZY": 0.09397678514634725, "IIYZZZYI": 0.09397678514634722, "IIXZZZXI": 0.09397678514634722, "IIIZIZII": 0.09330876074383795, "IIZIZIII": 0.09330876074383795, "IIIIZIZI": 0.0917487858695774, "IIIIIZIZ": 0.0917487858695774, "IXZZZXII": 0.05772355894254874, "IYZZZYII": 0.05772355894254874, "YZZZYIII": 0.057723558942548686, "XZZZXIII": 0.057723558942548686, "ZIIYZZZY": -0.05101912715279705, "ZIIXZZZX": -0.05101912715279705, "IZYZZZYI": -0.05101912715279705, "IZXZZZXI": -0.05101912715279705, "YIZZYIII": -0.04262751388049437, "ZYZZZYII": -0.04262751388049437, "ZXZZZXII": -0.04262751388049437, "XIZZXIII": -0.04262751388049437, "IIIYZZIY": -0.041846207514379605, "IIYZZZYZ": -0.041846207514379605, "IIXZZZXZ": -0.041846207514379605, "IIIXZZIX": -0.041846207514379605, "IXZZZXZI": -0.03588777636340657, "XZZZXIIZ": -0.03588777636340657, "IYZZZYZI": -0.03588777636340657, "YZZZYIIZ": -0.03588777636340657, "YYXXIIII": -0.03505743784378498, "YXXYIIII": 0.03505743784378498, "XYYXIIII": 0.03505743784378498, "XXYYIIII": -0.03505743784378498, "IIXIZZXI": -0.03320890601755972, "IIYIZZYI": -0.03320890601755972, "IIZXZZZX": -0.033208906017559714, "IIZYZZZY": -0.033208906017559714, "YXIIIIXY": 0.032939454077363234, "YYIIIIXX": -0.032939454077363234, "XXIIIIYY": -0.032939454077363234, "XYIIIIYX": 0.032939454077363234, "XYYZZZZX": 0.03136609823072087, "YYIYZZYI": -0.03136609823072087, "YYXZZZZX": -0.03136609823072087, "YXIXZZYI": -0.03136609823072087, "YXXZZZZY": 0.03136609823072087, "XXIXZZXI": -0.03136609823072087, "XYIYZZXI": -0.03136609823072087, "XXYZZZZY": -0.03136609823072087, "IIXYIIYX": 0.02866304598815386, "IIYXIIXY": 0.02866304598815386, "IIXXIIYY": -0.02866304598815386, "IIYYIIXX": -0.02866304598815386, "XZZIXIII": -0.026945800297958317, "YZZIYIII": -0.026945800297958317, "IYIZZYII": -0.026945800297958317, "IXIZZXII": -0.026945800297958317, "IYZIZYII": -0.025300352064657226, "XZIZXIII": -0.025300352064657226, "IXZIZXII": -0.025300352064657226, "YZIZYIII": -0.025300352064657226, "IYZYXZXI": 0.02310498650466763, "XZXIIXZX": 0.02310498650466763, "YZYIIYZY": 0.02310498650466763, "YZYIIXZX": 0.02310498650466763, "XZXIIYZY": 0.02310498650466763, "IXZXXZXI": 0.02310498650466763, "IXZXYZYI": 0.02310498650466763, "IYZYYZYI": 0.02310498650466763, "IIIIXXYY": -0.022106058740796897, "IIIIXYYX": 0.022106058740796897, "IIIIYYXX": -0.022106058740796897, "IIIIYXXY": 0.022106058740796897, "YZZZZYXX": -0.020004165172988232, "IYZZYIYY": -0.020004165172988232, "XZZZZXYY": -0.020004165172988232, "XZZZZYYX": 0.020004165172988232, "YZZZZXXY": 0.020004165172988232, "IXZZYIYX": -0.020004165172988232, "IXZZXIXX": -0.020004165172988232, "IYZZXIXY": -0.020004165172988232, "IZIXZZZX": -0.019653028922076182, "ZIYZZZYI": -0.019653028922076182, "IZIYZZZY": -0.019653028922076182, "ZIXZZZXI": -0.019653028922076182, "IXXIIYYI": -0.019340571562388865, "XZZXYZZY": -0.019340571562388865, "IYYIIXXI": -0.019340571562388865, "IYXIIXYI": 0.019340571562388865, "YZZXXZZY": 0.019340571562388865, "XZZYYZZX": 0.019340571562388865, "IXYIIYXI": 0.019340571562388865, "YZZYXZZX": -0.019340571562388865, "IIIXZIZX": -0.018134424801910888, "IIXZIZXI": -0.018134424801910888, "IIYZIZYI": -0.018134424801910888, "IIIYZIZY": -0.018134424801910888, "YYIIXXII": -0.017842012270468128, "XYIIYXII": 0.017842012270468128, "XXIIYYII": -0.017842012270468128, "YXIIXYII": 0.017842012270468128, "XZXIXZXI": 0.016534446368034326, "YZYIYZYI": 0.016534446368034326, "IXZXIXZX": 0.016534446368034326, "IYZYIYZY": 0.016534446368034326, "IYZZZYIZ": -0.015883611190418343, "XZZZXIZI": -0.015883611190418343, "YZZZYIZI": -0.015883611190418343, "IXZZZXIZ": -0.015883611190418343, "IXZZIXII": -0.01462128025324199, "YZZZYZII": -0.01462128025324199, "XZZZXZII": -0.01462128025324199, "IYZZIYII": -0.01462128025324199, "IIYZZIYI": -0.01380750576648275, "IIXZZIXI": -0.01380750576648275, "IIIXIZZX": -0.01380750576648275, "IIIYIZZY": -0.01380750576648275, "IXZYIYZX": 0.012770031425755566, "IYZXIXZY": 0.012770031425755566, "XZYIYZXI": 0.012770031425755566, "YZXIXZYI": 0.012770031425755566, "IIYYXXII": -0.008874293140975388, "IIXYYXII": 0.008874293140975388, "IIYXXYII": 0.008874293140975388, "IIXXYYII": -0.008874293140975388, "IXXIXZZX": -0.006570540136633297, "XZZYIYXI": -0.006570540136633297, "YZZXIXYI": -0.006570540136633297, "XZZXIXXI": -0.006570540136633297, "YZZYIYYI": -0.006570540136633297, "IXYIYZZX": -0.006570540136633297, "IYYIYZZY": -0.006570540136633297, "IYXIXZZY": -0.006570540136633297, "IIIYYXXI": 0.004326919035428139, "IIIYXXYI": -0.004326919035428139, "IIIXYYXI": -0.004326919035428139, "IIIXXYYI": 0.004326919035428139, "IIYZYXZX": -0.004326919035428138, "IIXZXXZX": -0.004326919035428138, "IIYZYYZY": -0.004326919035428138, "IIXZXYZY": -0.004326919035428138, "YZYIXZXI": 0.003764414942278766, "IYZYIXZX": 0.003764414942278766, "IXZXIYZY": 0.003764414942278766, "XZXIYZYI": 0.003764414942278766, "IYXXYIII": 0.001645448233301092, "IXYYXIII": 0.001645448233301092, "IXXYYIII": -0.001645448233301092, "IYYXXIII": -0.001645448233301092, "XZXXZXII": 0.001645448233301092, "YZYYZYII": 0.001645448233301092, "YZYXZXII": 0.001645448233301092, "XZXYZYII": 0.001645448233301092}