{"IIIIIIII": 1.5293465314495105, "IZIIIIII": -1.0457075292550706, "ZIIIIIII": -1.0457075292550706, "IIIZIIII": -0.6881071828036106, "IIZIIIII": -0.6881071828036106, "IIIIZIII": -0.40551986803423506, "IIIIIZII": -0.40551986803423495, "IIIIIIZI": -0.2721181365077655, "IIIIIIIZ": -0.2721181365077654, "ZZIIIIII": 0.18635652942278635, "IZIIIIZI": 0.16687322338479849, "ZIIIIIIZ": 0.16687322338479849, "IIIIIIZZ": 0.16349995275162366, "ZIIZIIII": 0.1382588575392188, "IZZIIIII": 0.1382588575392188, "IIIZIIZI": 0.13326126274999817, "IIZIIIIZ": 0.13326126274999817, "IZIIIIIZ": 0.13218226932972418, "ZIIIIIZI": 0.13218226932972418, "IIZZIIII": 0.11582041112922965, "IZIIZIII": 0.11051401483723866, "ZIIIIZII": 0.11051401483723866, "IIIIZIIZ": 0.10833891184406674, "IIIIIZZI": 0.10833891184406674, "ZIZIIIII": 0.10688333241891998, "IZIZIIII": 0.10688333241891998, "IIIZIIIZ": 0.10579007708630529, "IIZIIIZI": 0.10579007708630529, "IIIIZZII": 0.09631647286147124, "IIZIIZII": 0.09515228960349291, "IIIZZIII": 0.09515228960349291, "IZIIIZII": 0.09381778512970304, "ZIIIZIII": 0.09381778512970304, "IIIIZIZI": 0.08861435148531188, "IIIIIZIZ": 0.08861435148531188, "IIYZZZYI": 0.08820113153451767, "IIIXZZZX": 0.08820113153451767, "IIIYZZZY": 0.08820113153451767, "IIXZZZXI": 0.08820113153451767, "IIIZIZII": 0.08609639238459232, "IIZIZIII": 0.08609639238459232, "YZZZYIII": 0.05183903510255028, "XZZZXIII": 0.05183903510255028, "IXZZZXII": 0.05183903510255025, "IYZZZYII": 0.05183903510255025, "ZIIYZZZY": -0.050693712773599964, "ZIIXZZZX": -0.050693712773599964, "IZYZZZYI": -0.050693712773599964, "IZXZZZXI": -0.050693712773599964, "IIYZZZYZ": -0.042141534328529226, "IIXZZZXZ": -0.042141534328529226, "IIIYZZIY": -0.04214153432852921, "IIIXZZIX": -0.04214153432852921, "YIZZYIII": -0.04190894682026698, "ZYZZZYII": -0.04190894682026698, "ZXZZZXII": -0.04190894682026698, "XIZZXIII": -0.04190894682026698, "IXZZZXZI": -0.03584560887174593, "XZZZXIIZ": -0.03584560887174593, "IYZZZYZI": -0.03584560887174593, "YZZZYIIZ": -0.03584560887174593, "YXIIIIXY": 0.034690954055074344, "YYIIIIXX": -0.034690954055074344, "XXIIIIYY": -0.034690954055074344, "XYIIIIYX": 0.034690954055074344, "YYXXIIII": -0.031375525120298814, "YXXYIIII": 0.031375525120298814, "XYYXIIII": 0.031375525120298814, "XXYYIIII": -0.031375525120298814, "XYYZZZZX": 0.030674843996701246, "YYIYZZYI": -0.030674843996701246, "YYXZZZZX": -0.030674843996701246, "YXIXZZYI": -0.030674843996701246, "YXXZZZZY": 0.030674843996701246, "XXIXZZXI": -0.030674843996701246, "XYIYZZXI": -0.030674843996701246, "XXYZZZZY": -0.030674843996701246, "IIZXZZZX": -0.02994521481313564, "IIXIZZXI": -0.02994521481313564, "IIYIZZYI": -0.02994521481313564, "IIZYZZZY": -0.02994521481313564, "IIXYIIYX": 0.027471185663692874, "IIYXIIXY": 0.027471185663692874, "IIXXIIYY": -0.027471185663692874, "IIYYIIXX": -0.027471185663692874, "XZZIXIII": -0.024358514602852474, "YZZIYIII": -0.024358514602852474, "IYIZZYII": -0.024358514602852474, "IXIZZXII": -0.024358514602852474, "IYZIZYII": -0.023965620336844292, "XZIZXIII": -0.023965620336844292, "IXZIZXII": -0.023965620336844292, "YZIZYIII": -0.023965620336844292, "IYZYXZXI": 0.020417592570031513, "XZXIIXZX": 0.020417592570031513, "YZYIIYZY": 0.020417592570031513, "YZYIIXZX": 0.020417592570031513, "XZXIIYZY": 0.020417592570031513, "IXZXXZXI": 0.020417592570031513, "IXZXYZYI": 0.020417592570031513, "IYZYYZYI": 0.020417592570031513, "IZIXZZZX": -0.020018868776898728, "ZIYZZZYI": -0.020018868776898728, "IZIYZZZY": -0.020018868776898728, "ZIXZZZXI": -0.020018868776898728, "YZZZZYXX": -0.01978010058543804, "IYZZYIYY": -0.01978010058543804, "XZZZZXYY": -0.01978010058543804, "XZZZZYYX": 0.01978010058543804, "YZZZZXXY": 0.01978010058543804, "IXZZYIYX": -0.01978010058543804, "IXZZXIXX": -0.01978010058543804, "IYZZXIXY": -0.01978010058543804, "IIIIXXYY": -0.019724560358754868, "IIIIXYYX": 0.019724560358754868, "IIIIYYXX": -0.019724560358754868, "IIIIYXXY": 0.019724560358754868, "IXXIIYYI": -0.01818944582806065, "XZZXYZZY": -0.01818944582806065, "IYYIIXXI": -0.01818944582806065, "IYXIIXYI": 0.01818944582806065, "YZZXXZZY": 0.01818944582806065, "XZZYYZZX": 0.01818944582806065, "IXYIIYXI": 0.01818944582806065, "YZZYXZZX": -0.01818944582806065, "IIIXZIZX": -0.017370540262290287, "IIXZIZXI": -0.017370540262290287, "IIYZIZYI": -0.017370540262290287, "IIIYZIZY": -0.017370540262290287, "YYIIXXII": -0.01669622970753561, "XYIIYXII": 0.01669622970753561, "XXIIYYII": -0.01669622970753561, "YXIIXYII": 0.01669622970753561, "IYZZZYIZ": -0.016065508286307893, "XZZZXIZI": -0.016065508286307893, "YZZZYIZI": -0.016065508286307893, "IXZZZXIZ": -0.016065508286307893, "XZXIXZXI": 0.015276779295282213, "YZYIYZYI": 0.015276779295282213, "IXZXIXZX": 0.015276779295282213, "IYZYIYZY": 0.015276779295282213, "IXZZIXII": -0.013517070500661308, "YZZZYZII": -0.013517070500661308, "XZZZXZII": -0.013517070500661308, "IYZZIYII": -0.013517070500661308, "IXZYIYZX": 0.013048632553311356, "IYZXIXZY": 0.013048632553311356, "XZYIYZXI": 0.013048632553311356, "YZXIXZYI": 0.013048632553311356, "IIYZZIYI": -0.01231432923779365, "IIXZZIXI": -0.01231432923779365, "IIIXIZZX": -0.01231432923779365, "IIIYIZZY": -0.01231432923779365, "IIYYXXII": -0.00905589721890059, "IIXYYXII": 0.00905589721890059, "IIYXXYII": 0.00905589721890059, "IIXXYYII": -0.00905589721890059, "IXXIXZZX": -0.005140813274749295, "XZZYIYXI": -0.005140813274749295, "YZZXIXYI": -0.005140813274749295, "XZZXIXXI": -0.005140813274749295, "YZZYIYYI": -0.005140813274749295, "IXYIYZZX": -0.005140813274749295, "IYYIYZZY": -0.005140813274749295, "IYXIXZZY": -0.005140813274749295, "IIYZYXZX": -0.005056211024496638, "IIXZXXZX": -0.005056211024496638, "IIIYYXXI": 0.005056211024496638, "IIIYXXYI": -0.005056211024496638, "IIIXYYXI": -0.005056211024496638, "IIIXXYYI": 0.005056211024496638, "IIYZYYZY": -0.005056211024496638, "IIXZXYZY": -0.005056211024496638, "YZYIXZXI": 0.0022281467419708596, "IYZYIXZX": 0.0022281467419708596, "IXZXIYZY": 0.0022281467419708596, "XZXIYZYI": 0.0022281467419708596, "IYXXYIII": 0.00039289426600818165, "IXYYXIII": 0.00039289426600818165, "IXXYYIII": -0.00039289426600818165, "IYYXXIII": -0.00039289426600818165, "XZXXZXII": 0.00039289426600818165, "YZYYZYII": 0.00039289426600818165, "YZYXZXII": 0.00039289426600818165, "XZXYZYII": 0.00039289426600818165}