{"IIII": -0.8026507290573593, "ZIII": -0.23665448233398706, "IZII": -0.236654482333987, "IIZI": 0.1757540240298699, "IIIZ": 0.17575402402986984, "ZZII": 0.1757017919455566, "IIZZ": 0.17001384213276516, "IZZI": 0.1671428215197555, "ZIIZ": 0.1671428215197555, "ZIZI": 0.12222518427388038, "IZIZ": 0.12222518427388038, "YYXX": -0.044917637245875136, "XXYY": -0.044917637245875136, "XYYX": 0.044917637245875136, "YXXY": 0.044917637245875136}