{"IIIIII": -1.9158333091175046, "IIIIIZ": 0.21844599884012106, "IIIIZI": 0.21844599884012095, "ZZIIII": 0.1646025641219775, "IIZZII": 0.16460255942899954, "IIIIZZ": 0.14809954702843148, "IZIIZI": 0.14392372929572686, "ZIIIIZ": 0.14392372929572686, "IIZIIZ": 0.1439237189422727, "IIIZZI": 0.1439237189422727, "IZZIII": 0.12714269904194841, "ZIIZII": 0.12714269904194841, "IZIIII": -0.11923739868255878, "ZIIIII": -0.11923739868255867, "IIZIII": -0.11923728125618471, "IIIZII": -0.1192372812561846, "ZIZIII": 0.10841277730826508, "IZIZII": 0.10841277730826508, "IZIIIZ": 0.10794504292593993, "ZIIIZI": 0.10794504292593993, "IIZIZI": 0.10794503285351756, "IIIZIZ": 0.10794503285351756, "YYIIXX": -0.03597868636978696, "YXIIXY": 0.03597868636978696, "XYIIYX": 0.03597868636978696, "XXIIYY": -0.03597868636978696, "IIYXXY": 0.03597868608875514, "IIYYXX": -0.03597868608875514, "IIXYYX": 0.03597868608875514, "IIXXYY": -0.03597868608875514, "IZYZYI": 0.023568148060746655, "ZIIYZY": 0.023568148060746655, "ZIIXZX": 0.023568148060746655, "IZXZXI": 0.023568148060746655, "IIZYZY": -0.023568143302069074, "IIXIXI": -0.023568143302069074, "IIZXZX": -0.023568143302069074, "IIYIYI": -0.023568143302069074, "YXIXYI": 0.023568140020147815, "XYIYXI": 0.023568140020147815, "YYIYYI": 0.023568140020147815, "YXXZZY": -0.023568140020147815, "XYYZZX": -0.023568140020147815, "XXIXXI": 0.023568140020147815, "XXYZZY": 0.023568140020147815, "YYXZZX": 0.023568140020147815, "XXYYII": -0.018729921733683305, "YYXXII": -0.018729921733683305, "YXXYII": 0.018729921733683305, "XYYXII": 0.018729921733683305, "IIIYIY": 9.074135196062219e-09, "IIXZXZ": 9.074135196062219e-09, "IIIXIX": 9.074135196062219e-09, "IIYZYZ": 9.074135196062219e-09, "IZIYZY": 8.040598836918378e-09, "IZIXZX": 8.040598836918378e-09, "ZIXZXI": 8.040598836918378e-09, "ZIYZYI": 8.040598836918378e-09, "IIYZYI": -3.72514101249638e-09, "IIXZXI": -3.72514101249638e-09, "IIIYZY": -3.7251410107616567e-09, "IIIXZX": -3.7251410107616567e-09, "YIZZYI": 6.152117010271851e-11, "XIZZXI": 6.152117010271851e-11, "ZYZZZY": 6.152117010271851e-11, "ZXZZZX": 6.152117010271851e-11, "XZXYZY": 6.152114413607648e-11, "YZYXZX": 6.152114413607648e-11, "IXXYYI": -6.152114413607648e-11, "YZYYZY": 6.152114413607648e-11, "IYXXYI": 6.152114413607648e-11, "IXYYXI": 6.152114413607648e-11, "XZXXZX": 6.152114413607648e-11, "IYYXXI": -6.152114413607648e-11, "YZZIYI": -6.1521135408249e-11, "IYIZZY": -6.1521135408249e-11, "XZZIXI": -6.1521135408249e-11, "IXIZZX": -6.1521135408249e-11}