{"II": -1.6678202144537553, "ZI": 0.7019459893849935, "IZ": 0.7019459893849935, "ZZ": 0.26392823568376805}