{"IIIIIIIIII": -4.122427433045926, "IIIIIIIIZI": 1.0041885310070595, "IIIIIIIIIZ": 1.0041885310070595, "IIIIIIIIZZ": 0.4143769769668508, "IZIIIIIIII": -0.23356336736397598, "IIZIIIIIII": -0.23356336736397587, "IIIIIIIZII": -0.23356336736397587, "ZIIIIIIIII": -0.23356336736397587, "IIIZIIIIII": -0.23356336736397587, "IIIIIIZIII": -0.23356336736397587, "IIIIIZIIII": -0.17090189543247075, "IIIIZIIIII": -0.17090189543247064, "IIIIIZIIZI": 0.10025858234590981, "IIIIZIIIIZ": 0.10025858234590981, "ZIIIIIIIIZ": 0.0990773648167155, "IIIIIIZIIZ": 0.0990773648167155, "IZIIIIIIZI": 0.0990773648167155, "IIIIIIIZZI": 0.0990773648167155, "IIZIIIIIIZ": 0.0990773648167155, "IIIZIIIIZI": 0.0990773648167155, "IIIZIIIIIZ": 0.0966092151820794, "IZIIIIIIIZ": 0.0966092151820794, "IIZIIIIIZI": 0.0966092151820794, "IIIIIIIZIZ": 0.0966092151820794, "IIIIIIZIZI": 0.0966092151820794, "ZIIIIIIIZI": 0.0966092151820794, "IIIIZIIIZI": 0.09231413002259521, "IIIIIZIIIZ": 0.09231413002259521, "IIZZIIIIII": 0.07823637778985232, "ZZIIIIIIII": 0.07823637778985232, "IIIIIIZZII": 0.07823637778985232, "IIIZZIIIII": 0.07142238499324968, "IIIIZIIZII": 0.07142238499324968, "IIZIIZIIII": 0.07142238499324968, "ZIIIIZIIII": 0.07142238499324968, "IIIIIZZIII": 0.07142238499324968, "IZIIZIIIII": 0.07142238499324968, "IIIIZZIIII": 0.07062145640052521, "IZZIIIIIII": 0.06980180803300683, "IIZIIIIZII": 0.06980180803300683, "IZIIIIZIII": 0.06980180803300683, "ZIIIIIIZII": 0.06980180803300683, "ZIIZIIIIII": 0.06980180803300683, "IIIZIIZIII": 0.06980180803300683, "ZIZIIIIIII": 0.06558452315458406, "ZIIIIIZIII": 0.06558452315458406, "IZIZIIIIII": 0.06558452315458406, "IIIZIIIZII": 0.06558452315458406, "IIZIIIZIII": 0.06558452315458406, "IZIIIIIZII": 0.06558452315458406, "IIIIZIZIII": 0.05623493292147506, "IIIIIZIZII": 0.05623493292147506, "IIZIZIIIII": 0.05623493292147506, "IIIZIZIIII": 0.05623493292147506, "ZIIIZIIIII": 0.05623493292147506, "IZIIIZIIII": 0.05623493292147506, "IIIIYZZZYZ": -0.04657988300523641, "IIIIIYZZIY": -0.04657988300523641, "IIIIIXZZIX": -0.04657988300523641, "IIIIXZZZXZ": -0.04657988300523641, "IIIIIYZZZY": -0.030371630089538693, "IIIIIXZZZX": -0.030371630089538693, "IIIIXZZZXI": -0.03037163008953868, "IIIIYZZZYI": -0.03037163008953868, "IIIIYXXYII": 0.015187452071774622, "IIIIXXYYII": -0.015187452071774622, "IIIIXYYXII": 0.015187452071774622, "IIIIYYXXII": -0.015187452071774622, "YYIIXXIIII": -0.01518745207177462, "IIXYYXIIII": 0.01518745207177462, "IIYYXXIIII": -0.01518745207177462, "IIYXXYIIII": 0.01518745207177462, "XXIIYYIIII": -0.01518745207177462, "XYIIYXIIII": 0.01518745207177462, "IIXXYYIIII": -0.01518745207177462, "YXIIXYIIII": 0.01518745207177462, "IIIIYYIIXX": -0.007944452323314604, "IIIIYXIIXY": 0.007944452323314604, "IIIIXXIIYY": -0.007944452323314604, "IIIIXYIIYX": 0.007944452323314604, "IIIIIYZIZY": -0.005114341275799156, "IIIZIYZZZY": -0.005114341275799156, "IIZIXZZZXI": -0.005114341275799156, "ZIIIXZZZXI": -0.005114341275799156, "IZIIIYZZZY": -0.005114341275799156, "IIIIXZIZXI": -0.005114341275799156, "IIIIYZIZYI": -0.005114341275799156, "IIIZIXZZZX": -0.005114341275799156, "IIZIYZZZYI": -0.005114341275799156, "IZIIIXZZZX": -0.005114341275799156, "IIIIIXZIZX": -0.005114341275799156, "ZIIIYZZZYI": -0.005114341275799156, "XYIIIIYXII": 0.004217284878422761, "IIYYIIXXII": -0.004217284878422761, "XXYYIIIIII": -0.004217284878422761, "IIXYIIYXII": 0.004217284878422761, "IIXXIIYYII": -0.004217284878422761, "YYXXIIIIII": -0.004217284878422761, "XXIIIIYYII": -0.004217284878422761, "YXIIIIXYII": 0.004217284878422761, "XYYXIIIIII": 0.004217284878422761, "YXXYIIIIII": 0.004217284878422761, "IIYXIIXYII": 0.004217284878422761, "YYIIIIXXII": -0.004217284878422761, "IIIIXZXYZY": -0.0034420498016044065, "YXIIIXZZYI": 0.0034420498016044065, "YYIIXZZZZX": 0.0034420498016044065, "XYIIIYZZXI": 0.0034420498016044065, "IIYXIXZZYI": 0.0034420498016044065, "XYIIYZZZZX": -0.0034420498016044065, "IIIIIXYYXI": -0.0034420498016044065, "YXIIXZZZZY": -0.0034420498016044065, "IIXYIYZZXI": 0.0034420498016044065, "IIIIXZXXZX": -0.0034420498016044065, "IIYXXZZZZY": -0.0034420498016044065, "IIIIYZYXZX": -0.0034420498016044065, "IIIIIYXXYI": -0.0034420498016044065, "IIYYIYZZYI": 0.0034420498016044065, "YYIIIYZZYI": 0.0034420498016044065, "IIXXYZZZZY": 0.0034420498016044065, "IIIIYZYYZY": -0.0034420498016044065, "XXIIYZZZZY": 0.0034420498016044065, "IIIIIYYXXI": 0.0034420498016044065, "IIXXIXZZXI": 0.0034420498016044065, "IIYYXZZZZX": 0.0034420498016044065, "IIXYYZZZZX": -0.0034420498016044065, "XXIIIXZZXI": 0.0034420498016044065, "IIIIIXXYYI": 0.0034420498016044065, "IIIIZYZZZY": -0.0026349874157296197, "IIIIYIZZYI": -0.0026349874157296197, "IIIIZXZZZX": -0.0026349874157296197, "IIIIXIZZXI": -0.0026349874157296197, "IIYXIIIIXY": 0.0024681496346360896, "IIIIIIYYXX": -0.0024681496346360896, "YYIIIIIIXX": -0.0024681496346360896, "IIXXIIIIYY": -0.0024681496346360896, "IIIIIIYXXY": 0.0024681496346360896, "IIXYIIIIYX": 0.0024681496346360896, "XXIIIIIIYY": -0.0024681496346360896, "IIIIIIXYYX": 0.0024681496346360896, "IIYYIIIIXX": -0.0024681496346360896, "IIIIIIXXYY": -0.0024681496346360896, "YXIIIIIIXY": 0.0024681496346360896, "XYIIIIIIYX": 0.0024681496346360896, "IIZIIXZZZX": -0.0016722914741947495, "IIIZYZZZYI": -0.0016722914741947495, "ZIIIIXZZZX": -0.0016722914741947495, "IIZIIYZZZY": -0.0016722914741947495, "IZIIYZZZYI": -0.0016722914741947495, "IIIZXZZZXI": -0.0016722914741947495, "IZIIXZZZXI": -0.0016722914741947495, "ZIIIIYZZZY": -0.0016722914741947495, "IIIIXZZIXI": -0.0016722914741947492, "IIIIYZZIYI": -0.0016722914741947492, "IIIIIYIZZY": -0.0016722914741947492, "IIIIIXIZZX": -0.0016722914741947492}