{"IIIIIIIIII": -34.771814212671636, "IIIIIIIIIZ": 9.156551603574053, "IIIIIIIIZI": 9.156551603574052, "IIIIIIIZII": 1.070241400641237, "IIIIIIZIII": 1.070241400641237, "IIIIIIIIZZ": 1.0339796278180067, "IIZIIIIIII": 0.815623399282045, "IIIIZIIIII": 0.815623399282045, "IIIIIZIIII": 0.8156233992820447, "IIIZIIIIII": 0.8156233992820447, "ZIIIIIIIII": 0.8156233992820445, "IZIIIIIIII": 0.8156233992820445, "IIIIIZIIZI": 0.24168731444007635, "ZIIIIIIIIZ": 0.24168731444007635, "IZIIIIIIZI": 0.24168731444007635, "IIIIZIIIIZ": 0.24168731444007635, "IIZIIIIIIZ": 0.24168731444007635, "IIIZIIIIZI": 0.24168731444007635, "IIIIIIZIIZ": 0.2415258006991155, "IIIIIIIZZI": 0.2415258006991155, "IIIZIIIIIZ": 0.23614755468086174, "IZIIIIIIIZ": 0.23614755468086174, "IIIIZIIIZI": 0.23614755468086174, "IIZIIIIIZI": 0.23614755468086174, "IIIIIZIIIZ": 0.23614755468086174, "ZIIIIIIIZI": 0.23614755468086174, "IIIIIIIZIZ": 0.22556128302479733, "IIIIIIZIZI": 0.22556128302479733, "IIIIZZIIII": 0.19070113424452068, "ZZIIIIIIII": 0.19070113424452068, "IIZZIIIIII": 0.19070113424452068, "IIZIIIIZII": 0.17411630565033623, "IIIZIIZIII": 0.17411630565033623, "IIIIZIIZII": 0.17411630565033623, "IZIIIIZIII": 0.17411630565033623, "IIIIIZZIII": 0.17411630565033623, "ZIIIIIIZII": 0.17411630565033623, "IIIIIIZZII": 0.1720174436844676, "IZZIIIIIII": 0.17014187500836334, "IIIZZIIIII": 0.17014187500836334, "IIZIIZIIII": 0.17014187500836334, "ZIIIIZIIII": 0.17014187500836334, "ZIIZIIIIII": 0.17014187500836334, "IZIIZIIIII": 0.17014187500836334, "ZIZIIIIIII": 0.1598622453902848, "IZIIIZIIII": 0.1598622453902848, "IZIZIIIIII": 0.1598622453902848, "IIZIZIIIII": 0.1598622453902848, "ZIIIZIIIII": 0.1598622453902848, "IIIZIZIIII": 0.1598622453902848, "IIIIZIZIII": 0.1367468993075653, "IIIIIZIZII": 0.1367468993075653, "ZIIIIIZIII": 0.1367468993075653, "IIIZIIIZII": 0.1367468993075653, "IIZIIIZIII": 0.1367468993075653, "IZIIIIIZII": 0.1367468993075653, "IIIIIIXZXI": -0.10733434596617283, "IIIIIIIXZX": -0.10733434596617283, "IIIIIIIYZY": -0.10733434596617283, "IIIIIIYZYI": -0.10733434596617283, "IIIIIIIYIY": -0.10263629557387122, "IIIIIIYZYZ": -0.10263629557387122, "IIIIIIIXIX": -0.10263629557387122, "IIIIIIXZXZ": -0.10263629557387122, "XYIIIIYXII": 0.03736940634277091, "IIIIYXXYII": 0.03736940634277091, "IIYYIIXXII": -0.03736940634277091, "IIXYIIYXII": 0.03736940634277091, "IIXXIIYYII": -0.03736940634277091, "XXIIIIYYII": -0.03736940634277091, "IIIIXXYYII": -0.03736940634277091, "IIYXIIXYII": 0.03736940634277091, "YYIIIIXXII": -0.03736940634277091, "IIIIXYYXII": 0.03736940634277091, "YXIIIIXYII": 0.03736940634277091, "IIIIYYXXII": -0.03736940634277091, "IIIIIIYYXX": -0.01596451767431816, "IIIIIIYXXY": 0.01596451767431816, "IIIIIIXYYX": 0.01596451767431816, "IIIIIIXXYY": -0.01596451767431816, "ZIIIIIXZXI": -0.010727780465015588, "IIIZIIIYZY": -0.010727780465015588, "IZIIIIIYZY": -0.010727780465015588, "IIIZIIIXZX": -0.010727780465015588, "IZIIIIIXZX": -0.010727780465015588, "IIZIIIXZXI": -0.010727780465015588, "IIIIZIXZXI": -0.010727780465015588, "IIIIIZIYZY": -0.010727780465015588, "IIZIIIYZYI": -0.010727780465015588, "IIIIZIYZYI": -0.010727780465015588, "ZIIIIIYZYI": -0.010727780465015588, "IIIIIZIXZX": -0.010727780465015588, "YYIIXXIIII": -0.01027962961807856, "IIXYYXIIII": 0.01027962961807856, "XYYXIIIIII": 0.01027962961807856, "IIYYXXIIII": -0.01027962961807856, "IIYXXYIIII": 0.01027962961807856, "XXIIYYIIII": -0.01027962961807856, "XYIIYXIIII": 0.01027962961807856, "IIXXYYIIII": -0.01027962961807856, "XXYYIIIIII": -0.01027962961807856, "YXXYIIIIII": 0.01027962961807856, "YXIIXYIIII": 0.01027962961807856, "YYXXIIIIII": -0.01027962961807856, "IIIIYYIYYI": 0.007729716415520483, "IIXXIIYZZY": 0.007729716415520483, "IIXXIIIXXI": 0.007729716415520483, "XYIIIIYZZX": -0.007729716415520483, "IIXYIIYZZX": -0.007729716415520483, "YXIIIIXZZY": -0.007729716415520483, "IIXYIIIYXI": 0.007729716415520483, "IIIIYXIXYI": 0.007729716415520483, "XXIIIIIXXI": 0.007729716415520483, "XXIIIIYZZY": 0.007729716415520483, "YYIIIIIYYI": 0.007729716415520483, "IIIIXXIXXI": 0.007729716415520483, "IIIIXYIYXI": 0.007729716415520483, "YYIIIIXZZX": 0.007729716415520483, "XYIIIIIYXI": 0.007729716415520483, "IIIIYYXZZX": 0.007729716415520483, "IIIIXXYZZY": 0.007729716415520483, "IIIIYXXZZY": -0.007729716415520483, "IIYYIIIYYI": 0.007729716415520483, "YXIIIIIXYI": 0.007729716415520483, "IIYYIIXZZX": 0.007729716415520483, "IIYXIIIXYI": 0.007729716415520483, "IIYXIIXZZY": -0.007729716415520483, "IIIIXYYZZX": -0.007729716415520483, "YXIIIIIIXY": 0.005539759759214596, "IIYXIIIIXY": 0.005539759759214596, "IIYYIIIIXX": -0.005539759759214596, "YYIIIIIIXX": -0.005539759759214596, "IIIIYYIIXX": -0.005539759759214596, "IIXXIIIIYY": -0.005539759759214596, "IIIIYXIIXY": 0.005539759759214596, "IIXYIIIIYX": 0.005539759759214596, "XXIIIIIIYY": -0.005539759759214596, "IIIIXXIIYY": -0.005539759759214596, "IIIIXYIIYX": 0.005539759759214596, "XYIIIIIIYX": 0.005539759759214596, "IIIIIIYIYI": -0.004698050392301941, "IIIIIIXIXI": -0.004698050392301941, "IIIIIIZXZX": -0.004698050392301941, "IIIIIIZYZY": -0.004698050392301941, "IIIIZIIYZY": -0.002998064049495108, "IZIIIIXZXI": -0.002998064049495108, "IIIIZIIXZX": -0.002998064049495108, "ZIIIIIIYZY": -0.002998064049495108, "IIZIIIIXZX": -0.002998064049495108, "ZIIIIIIXZX": -0.002998064049495108, "IIZIIIIYZY": -0.002998064049495108, "IZIIIIYZYI": -0.002998064049495108, "IIIZIIYZYI": -0.002998064049495108, "IIIIIZXZXI": -0.002998064049495108, "IIIIIZYZYI": -0.002998064049495108, "IIIZIIXZXI": -0.002998064049495108}