{"IIIIIIIIII": -77.17950661171146, "IIIIIIIIZI": 20.404313365766914, "IIIIIIIIIZ": 20.404313365766914, "IIIIIIIZII": 3.1714875881037567, "IIIIIIZIII": 3.1714875881037567, "IIIIIZIIII": 2.6917767651101774, "IIIIZIIIII": 2.691776765110177, "ZIIIIIIIII": 2.691776765110176, "IZIIIIIIII": 2.691776765110176, "IIZIIIIIII": 2.6917767651101747, "IIIZIIIIII": 2.6917767651101747, "IIIIIIIIZZ": 1.494698468719038, "IIIIIZIIZI": 0.35680684937670937, "IIIIZIIIIZ": 0.35680684937670937, "IIZIIIIIIZ": 0.35680684937670926, "IIIZIIIIZI": 0.35680684937670926, "ZIIIIIIIIZ": 0.3568068493767092, "IZIIIIIIZI": 0.3568068493767092, "IIIIIIZIIZ": 0.35623311232517774, "IIIIIIIZZI": 0.35623311232517774, "IIIIZIIIZI": 0.3481959567875938, "IIIIIZIIIZ": 0.3481959567875938, "IIIZIIIIIZ": 0.34819595678759363, "IIZIIIIIZI": 0.34819595678759363, "IZIIIIIIIZ": 0.3481959567875936, "ZIIIIIIIZI": 0.3481959567875936, "IIIIIIIZIZ": 0.33211364050740066, "IIIIIIZIZI": 0.33211364050740066, "IIIIZZIIII": 0.28165090478255655, "ZZIIIIIIII": 0.28165090478255633, "IIZZIIIIII": 0.28165090478255633, "IIIIZIIZII": 0.25690735048960534, "IIIIIZZIII": 0.25690735048960534, "IIZIIIIZII": 0.2569073504896052, "IIIZIIZIII": 0.2569073504896052, "IZIIIIZIII": 0.2569073504896052, "ZIIIIIIZII": 0.2569073504896052, "IIIIIIZZII": 0.25364679287089936, "IIIZZIIIII": 0.251286460597625, "IIZIIZIIII": 0.251286460597625, "ZIIIIZIIII": 0.251286460597625, "IZIIZIIIII": 0.251286460597625, "IZZIIIIIII": 0.2512864605976249, "ZIIZIIIIII": 0.2512864605976249, "IZIIIZIIII": 0.2361042385051594, "IIZIZIIIII": 0.2361042385051594, "ZIIIZIIIII": 0.2361042385051594, "IIIZIZIIII": 0.2361042385051594, "ZIZIIIIIII": 0.23610423850515933, "IZIZIIIIII": 0.23610423850515933, "IIIIIIIXZX": -0.22067335842308627, "IIIIIIIYZY": -0.22067335842308627, "IIIIIIXZXI": -0.22067335842308622, "IIIIIIYZYI": -0.22067335842308622, "IIIIZIZIII": 0.20190791619436366, "IIIIIZIZII": 0.20190791619436366, "ZIIIIIZIII": 0.20190791619436355, "IIIZIIIZII": 0.20190791619436355, "IIZIIIZIII": 0.20190791619436355, "IZIIIIIZII": 0.20190791619436355, "IIIIIIIYIY": -0.1510858851890861, "IIIIIIYZYZ": -0.1510858851890861, "IIIIIIIXIX": -0.1510858851890861, "IIIIIIXZXZ": -0.1510858851890861, "IIIIYXXYII": 0.05499943429524169, "IIIIXXYYII": -0.05499943429524169, "IIIIXYYXII": 0.05499943429524169, "IIIIYYXXII": -0.05499943429524169, "XYIIIIYXII": 0.054999434295241685, "XXIIIIYYII": -0.054999434295241685, "YYIIIIXXII": -0.054999434295241685, "YXIIIIXYII": 0.054999434295241685, "IIYYIIXXII": -0.05499943429524168, "IIXYIIYXII": 0.05499943429524168, "IIXXIIYYII": -0.05499943429524168, "IIYXIIXYII": 0.05499943429524168, "IIIIIIYYXX": -0.02411947181777705, "IIIIIIYXXY": 0.02411947181777705, "IIIIIIXYYX": 0.02411947181777705, "IIIIIIXXYY": -0.02411947181777705, "IIIZIIIYZY": -0.01628932602016855, "IIIZIIIXZX": -0.01628932602016855, "IIZIIIXZXI": -0.01628932602016855, "IIIIZIXZXI": -0.01628932602016855, "IIIIIZIYZY": -0.01628932602016855, "IIZIIIYZYI": -0.01628932602016855, "IIIIZIYZYI": -0.01628932602016855, "IIIIIZIXZX": -0.01628932602016855, "ZIIIIIXZXI": -0.016289326020168547, "IZIIIIIYZY": -0.016289326020168547, "IZIIIIIXZX": -0.016289326020168547, "ZIIIIIYZYI": -0.016289326020168547, "IIXYYXIIII": 0.01518222209246559, "IIYYXXIIII": -0.01518222209246559, "IIYXXYIIII": 0.01518222209246559, "IIXXYYIIII": -0.01518222209246559, "YYIIXXIIII": -0.015182222092465588, "XXIIYYIIII": -0.015182222092465588, "XYIIYXIIII": 0.015182222092465588, "YXIIXYIIII": 0.015182222092465588, "XYYXIIIIII": 0.015182222092465582, "XXYYIIIIII": -0.015182222092465582, "YXXYIIIIII": 0.015182222092465582, "YYXXIIIIII": -0.015182222092465582, "IIIIYYIYYI": 0.011763267590569485, "IIIIYXIXYI": 0.011763267590569485, "IIIIXXIXXI": 0.011763267590569485, "IIIIXYIYXI": 0.011763267590569485, "IIIIYYXZZX": 0.011763267590569483, "IIIIXXYZZY": 0.011763267590569483, "IIIIYXXZZY": -0.011763267590569483, "IIIIXYYZZX": -0.011763267590569483, "XYIIIIYZZX": -0.011763267590569481, "YXIIIIXZZY": -0.011763267590569481, "XXIIIIIXXI": 0.011763267590569481, "XXIIIIYZZY": 0.011763267590569481, "YYIIIIIYYI": 0.011763267590569481, "YYIIIIXZZX": 0.011763267590569481, "XYIIIIIYXI": 0.011763267590569481, "YXIIIIIXYI": 0.011763267590569481, "IIXXIIYZZY": 0.01176326759056948, "IIXXIIIXXI": 0.01176326759056948, "IIXYIIYZZX": -0.01176326759056948, "IIXYIIIYXI": 0.01176326759056948, "IIYYIIIYYI": 0.01176326759056948, "IIYYIIXZZX": 0.01176326759056948, "IIYXIIIXYI": 0.01176326759056948, "IIYXIIXZZY": -0.01176326759056948, "IIIIYYIIXX": -0.008610892589115612, "IIIIYXIIXY": 0.008610892589115612, "IIIIXXIIYY": -0.008610892589115612, "IIIIXYIIYX": 0.008610892589115612, "YXIIIIIIXY": 0.008610892589115607, "YYIIIIIIXX": -0.008610892589115607, "XXIIIIIIYY": -0.008610892589115607, "XYIIIIIIYX": 0.008610892589115607, "IIYXIIIIXY": 0.008610892589115605, "IIYYIIIIXX": -0.008610892589115605, "IIXXIIIIYY": -0.008610892589115605, "IIXYIIIIYX": 0.008610892589115605, "IIIIIIYIYI": -0.007141319884702154, "IIIIIIXIXI": -0.007141319884702154, "IIIIIIZXZX": -0.007141319884702154, "IIIIIIZYZY": -0.007141319884702154, "IIZIIIIXZX": -0.004526058429599071, "IIZIIIIYZY": -0.004526058429599071, "IIIZIIYZYI": -0.004526058429599071, "IIIZIIXZXI": -0.004526058429599071, "IIIIZIIYZY": -0.004526058429599065, "IIIIZIIXZX": -0.004526058429599065, "IIIIIZXZXI": -0.004526058429599065, "IIIIIZYZYI": -0.004526058429599065, "IZIIIIXZXI": -0.004526058429599064, "ZIIIIIIYZY": -0.004526058429599064, "ZIIIIIIXZX": -0.004526058429599064, "IZIIIIYZYI": -0.004526058429599064}