{"IIIIIIIIII": -47.02315198523453, "IIIIIIIIZI": 12.420195218611381, "IIIIIIIIIZ": 12.420195218611381, "IIIIIIZIII": 1.6560274461609377, "IIIIIIIZII": 1.6560274461609374, "IZIIIIIIII": 1.3339095688459304, "IIIIIZIIII": 1.3339095688459301, "IIIIZIIIII": 1.3339095688459301, "IIIZIIIIII": 1.3339095688459301, "IIZIIIIIII": 1.33390956884593, "ZIIIIIIIII": 1.33390956884593, "IIIIIIIIZZ": 1.1876825625338916, "IIIIIZIIZI": 0.278848316045859, "ZIIIIIIIIZ": 0.278848316045859, "IZIIIIIIZI": 0.278848316045859, "IIIIZIIIIZ": 0.278848316045859, "IIZIIIIIIZ": 0.278848316045859, "IIIZIIIIZI": 0.278848316045859, "IIIIIIZIIZ": 0.2785151213771834, "IIIIIIIZZI": 0.2785151213771834, "IIIZIIIIIZ": 0.27239142983001063, "IZIIIIIIIZ": 0.27239142983001063, "IIIIZIIIZI": 0.27239142983001063, "IIZIIIIIZI": 0.27239142983001063, "IIIIIZIIIZ": 0.27239142983001063, "ZIIIIIIIZI": 0.27239142983001063, "IIIIIIIZIZ": 0.2600909415121215, "IIIIIIZIZI": 0.2600909415121215, "IIIIZZIIII": 0.22003977334376137, "ZZIIIIIIII": 0.22003977334376137, "IIZZIIIIII": 0.22003977334376137, "IIZIIIIZII": 0.20085914446810477, "IIIZIIZIII": 0.20085914446810477, "IIIIZIIZII": 0.20085914446810477, "IZIIIIZIII": 0.20085914446810477, "IIIIIZZIII": 0.20085914446810477, "ZIIIIIIZII": 0.20085914446810477, "IIIIIIZZII": 0.19840464394177354, "IZZIIIIIII": 0.19631755078456953, "IIIZZIIIII": 0.19631755078456953, "IIZIIZIIII": 0.19631755078456953, "ZIIIIZIIII": 0.19631755078456953, "ZIIZIIIIII": 0.19631755078456953, "IZIIZIIIII": 0.19631755078456953, "ZIZIIIIIII": 0.18445643950497348, "IZIIIZIIII": 0.18445643950497348, "IZIZIIIIII": 0.18445643950497348, "IIZIZIIIII": 0.18445643950497348, "ZIIIZIIIII": 0.18445643950497348, "IIIZIZIIII": 0.18445643950497348, "IIIIZIZIII": 0.15776555108794185, "IIIIIZIZII": 0.15776555108794185, "ZIIIIIZIII": 0.15776555108794185, "IIIZIIIZII": 0.15776555108794185, "IIZIIIZIII": 0.15776555108794185, "IZIIIIIZII": 0.15776555108794185, "IIIIIIXZXI": -0.13926536214747354, "IIIIIIIXZX": -0.13926536214747354, "IIIIIIIYZY": -0.13926536214747354, "IIIIIIYZYI": -0.13926536214747354, "IIIIIIIYIY": -0.11800273233865674, "IIIIIIYZYZ": -0.11800273233865674, "IIIIIIIXIX": -0.11800273233865674, "IIIIIIXZXZ": -0.11800273233865674, "XYIIIIYXII": 0.04309359338016289, "IIIIYXXYII": 0.04309359338016289, "IIYYIIXXII": -0.04309359338016289, "IIXYIIYXII": 0.04309359338016289, "IIXXIIYYII": -0.04309359338016289, "XXIIIIYYII": -0.04309359338016289, "IIIIXXYYII": -0.04309359338016289, "IIYXIIXYII": 0.04309359338016289, "YYIIIIXXII": -0.04309359338016289, "IIIIXYYXII": 0.04309359338016289, "YXIIIIXYII": 0.04309359338016289, "IIIIYYXXII": -0.04309359338016289, "IIIIIIYYXX": -0.018424179865061847, "IIIIIIYXXY": 0.018424179865061847, "IIIIIIXYYX": 0.018424179865061847, "IIIIIIXXYY": -0.018424179865061847, "ZIIIIIXZXI": -0.01240848377934122, "IIIZIIIYZY": -0.01240848377934122, "IZIIIIIYZY": -0.01240848377934122, "IIIZIIIXZX": -0.01240848377934122, "IZIIIIIXZX": -0.01240848377934122, "IIZIIIXZXI": -0.01240848377934122, "IIIIZIXZXI": -0.01240848377934122, "IIIIIZIYZY": -0.01240848377934122, "IIZIIIYZYI": -0.01240848377934122, "IIIIZIYZYI": -0.01240848377934122, "ZIIIIIYZYI": -0.01240848377934122, "IIIIIZIXZX": -0.01240848377934122, "YYIIXXIIII": -0.011861111279596047, "IIXYYXIIII": 0.011861111279596047, "XYYXIIIIII": 0.011861111279596047, "IIYYXXIIII": -0.011861111279596047, "IIYXXYIIII": 0.011861111279596047, "XXIIYYIIII": -0.011861111279596047, "XYIIYXIIII": 0.011861111279596047, "IIXXYYIIII": -0.011861111279596047, "XXYYIIIIII": -0.011861111279596047, "YXXYIIIIII": 0.011861111279596047, "YXIIXYIIII": 0.011861111279596047, "YYXXIIIIII": -0.011861111279596047, "IIIIYYIYYI": 0.00896331655087819, "IIXXIIYZZY": 0.00896331655087819, "IIXXIIIXXI": 0.00896331655087819, "XYIIIIYZZX": -0.00896331655087819, "IIXYIIYZZX": -0.00896331655087819, "YXIIIIXZZY": -0.00896331655087819, "IIXYIIIYXI": 0.00896331655087819, "IIIIYXIXYI": 0.00896331655087819, "XXIIIIIXXI": 0.00896331655087819, "XXIIIIYZZY": 0.00896331655087819, "YYIIIIIYYI": 0.00896331655087819, "IIIIXXIXXI": 0.00896331655087819, "IIIIXYIYXI": 0.00896331655087819, "YYIIIIXZZX": 0.00896331655087819, "XYIIIIIYXI": 0.00896331655087819, "IIIIYYXZZX": 0.00896331655087819, "IIIIXXYZZY": 0.00896331655087819, "IIIIYXXZZY": -0.00896331655087819, "IIYYIIIYYI": 0.00896331655087819, "YXIIIIIXYI": 0.00896331655087819, "IIYYIIXZZX": 0.00896331655087819, "IIYXIIIXYI": 0.00896331655087819, "IIYXIIXZZY": -0.00896331655087819, "IIIIXYYZZX": -0.00896331655087819, "YXIIIIIIXY": 0.006456886215848404, "IIYXIIIIXY": 0.006456886215848404, "IIYYIIIIXX": -0.006456886215848404, "YYIIIIIIXX": -0.006456886215848404, "IIIIYYIIXX": -0.006456886215848404, "IIXXIIIIYY": -0.006456886215848404, "IIIIYXIIXY": 0.006456886215848404, "IIXYIIIIYX": 0.006456886215848404, "XXIIIIIIYY": -0.006456886215848404, "IIIIXXIIYY": -0.006456886215848404, "IIIIXYIIYX": 0.006456886215848404, "XYIIIIIIYX": 0.006456886215848404, "IIIIIIYIYI": -0.005408978801011883, "IIIIIIXIXI": -0.005408978801011883, "IIIIIIZXZX": -0.005408978801011883, "IIIIIIZYZY": -0.005408978801011883, "IIIIZIIYZY": -0.0034451672284630305, "IZIIIIXZXI": -0.0034451672284630305, "IIIIZIIXZX": -0.0034451672284630305, "ZIIIIIIYZY": -0.0034451672284630305, "IIZIIIIXZX": -0.0034451672284630305, "ZIIIIIIXZX": -0.0034451672284630305, "IIZIIIIYZY": -0.0034451672284630305, "IZIIIIYZYI": -0.0034451672284630305, "IIIZIIYZYI": -0.0034451672284630305, "IIIIIZXZXI": -0.0034451672284630305, "IIIIIZYZYI": -0.0034451672284630305, "IIIZIIXZXI": -0.0034451672284630305}