{"HCN_STO-3G_SINGLET": {"n_qubits_pre_taper": 22, "n_qubits_post_taper": 19, "hf_energy": -91.67520896743609, "mp2_energy": -91.82881563197407, "ccsd_energy": -91.83755422811633, "fci_energy": -91.84091227095661, "cs_vqe_energies": [-91.70953562096278, -91.7438203260678, -91.76913120332726, -91.77801756187954, -91.7780197646298, -91.77836493938732, -91.78060697326073, -91.78481275462698, -91.78922649360682, -91.7948919589324, -91.7995279815709, -91.80703080159954, -91.81961757308859, -91.83854355791794, -91.84046631477197], "stabilizer_score": [0.4489609277838124, 0.6349266330474751, 0.7671839118493012, 0.7997478738215654, 0.8050721992355252, 0.8120776053296211, 0.8347397726650917, 0.8525968526390996, 0.8610030259675194, 0.8712996825423301, 0.8933730624120365, 0.9107486987722309, 0.9389440180985552, 0.9908611681039793, 0.9998570796182393, 0.9998750536626938, 0.9999612163923932, 0.9999680723851505]}, "HCl_STO-3G_SINGLET": {"n_qubits_pre_taper": 20, "n_qubits_post_taper": 17, "hf_energy": -455.1354456708125, "mp2_energy": -455.1497064364204, "ccsd_energy": -455.157066827179, "fci_energy": -455.1570667931493, "cs_vqe_energies": [-455.15151151233414, -455.1519044018314, -455.153632099667, -455.1565297151446, -455.1567762863076, -455.15701185804363, -455.1570415718382, -455.15705122360777, -455.15705709395485, -455.1570647255796, -455.15706506556467, -455.15706565600885, -455.1570659954715, -455.15706658344, -455.1570666799797], "stabilizer_score": [0.86773636230484, 0.9135819177533341, 0.9436249205635181, 0.9885920489703177, 0.994260359598147, 0.9998965376723443, 0.9999409192454063, 0.9999739509201385, 0.9999832373764364, 0.9999948280273185, 0.9999959191407289, 0.9999973932168856, 0.9999984843274969, 0.9999999583998727, 0.9999999704559424, 0.999999996694915]}, "F2_STO-3G_SINGLET": {"n_qubits_pre_taper": 20, "n_qubits_post_taper": 16, "hf_energy": -195.9735410748739, "mp2_energy": -196.02276913058364, "ccsd_energy": -196.05016033964995, "fci_energy": -196.05016034219054, "cs_vqe_energies": [-196.03927372846263, -196.04011387498082, -196.04262128163552, -196.04499446796254, -196.04847281182802, -196.04926984593118, -196.0500132195123, -196.05006763713732, -196.05012131855761, -196.05013102229236, -196.0501446575619, -196.05015076063765, -196.05016034219042], "stabilizer_score": [0.9393459703974067, 0.9477653873675366, 0.9613766736697629, 0.9710504597834884, 0.9837158262885204, 0.9912979900811439, 0.9988225985565827, 0.9994061781463075, 0.9999894171673483, 0.9999923246098895, 0.9999958017081841, 0.999997634511222, 1.0]}, "N2_STO-3G_SINGLET": {"n_qubits_pre_taper": 20, "n_qubits_post_taper": 16, "hf_energy": -107.4989675445839, "mp2_energy": -107.65829069783611, "ccsd_energy": -107.65607999710545, "fci_energy": -107.66020642005532, "cs_vqe_energies": [-107.53643778171222, -107.57386764551886, -107.60117257979499, -107.60539891325209, -107.61169016220717, -107.61174744918603, -107.6130692229226, -107.62358362522244, -107.63709836683117, -107.64662426338845, -107.65858930652334, -107.65991610962381, -107.65995905868942, -107.65999436829793, -107.66007060747076], "stabilizer_score": [0.47278137127936426, 0.6686138273006262, 0.8178380376269646, 0.8370303016193662, 0.8776593527132405, 0.8805989616126831, 0.8867955645170293, 0.9129028036866433, 0.9493358829798767, 0.9690295219887054, 0.9933401133427169, 0.9999093377981406, 0.9999167090376675, 0.9999234544913365, 0.9999514153889891]}, "SiH4_STO-3G_SINGLET": {"n_qubits_pre_taper": 26, "n_qubits_post_taper": 24, "hf_energy": -287.9102132258574, "mp2_energy": -287.9599882077335, "ccsd_energy": -287.98331927437494, "fci_energy": -287.98400189426894, "cs_vqe_energies": [-287.91390840277353, -287.9165194957439, -287.9187208573084, -287.92074479350885, -287.92508041125546, -287.9285338939273, -287.9312820593918, -287.9338856263861, -287.9389367612898, -287.9433261532974, -287.95223191525145, -287.95812610319797, -287.9800507668436, -287.9807572621113, -287.98087977474177, -287.9811909521003], "stabilizer_score": [0.23161125393596746, 0.2996860071292941, 0.3513426507842232, 0.40463600482925893, 0.4918587590772561, 0.5476892734940909, 0.5841220811806812, 0.6197360829103988, 0.6679378007452789, 0.7167882759170372, 0.7977071951663229, 0.8417532088172136, 0.9897643299092561, 0.9959277764173413, 0.9962083722417867, 0.9966701259176071, 0.9971590273905704, 0.99783076417236, 0.9985291796079009, 0.9994079438574047, 0.9996892839751037, 0.9999990497233133, 0.9999994834258116]}, "H2S_STO-3G_SINGLET": {"n_qubits_pre_taper": 22, "n_qubits_post_taper": 18, "hf_energy": -394.31155566450036, "mp2_energy": -394.3406911725892, "ccsd_energy": -394.35443219776704, "fci_energy": -394.3544976592053, "cs_vqe_energies": [-394.3205955955407, -394.32482681273495, -394.33117971874464, -394.343075219682, -394.34353255094925, -394.34572323690014, -394.3530894174031, -394.3539597692697, -394.3540498619445, -394.3541116897001, -394.35427645554114, -394.3543908216203, -394.3544368913513, -394.3544917941104, -394.35449343347875], "stabilizer_score": [0.4537780234097723, 0.5699991272673111, 0.691460559212966, 0.8814177134180743, 0.8970956214059643, 0.9180848360682325, 0.9872343108335694, 0.9992805246436536, 0.9993765691144887, 0.9994408687415157, 0.9996178224441541, 0.9998863746671777, 0.9999348064205958, 0.9999914563464474, 0.9999949690046063, 0.9999998204445141, 0.9999998560407473]}, "CH4_STO-3G_SINGLET": {"n_qubits_pre_taper": 18, "n_qubits_post_taper": 16, "hf_energy": -39.72518725776477, "mp2_energy": -39.7833977931094, "ccsd_energy": -39.806729958557455, "fci_energy": -39.80698697524716, "cs_vqe_energies": [-39.73002960662013, -39.73450595755444, -39.7384937817174, -39.740862819428855, -39.74605009522518, -39.749328704876845, -39.75667265133249, -39.758846905525, -39.764489434167686, -39.7743288080838, -39.78366591490696, -39.80005333699652, -39.80637078005685, -39.806579222378275, -39.80671216828613], "stabilizer_score": [0.24795135598150939, 0.34326572920779863, 0.4084203680654161, 0.44857142791070037, 0.5195183161712046, 0.5621918584105814, 0.6445128494412307, 0.6602170299866488, 0.698847449981737, 0.7746126871049908, 0.8540511285929399, 0.9573681458892622, 0.9995261979983273, 0.9996917713569514, 0.9997504225364188]}, "HOOH_STO-3G_SINGLET": {"n_qubits_pre_taper": 24, "n_qubits_post_taper": 21, "hf_energy": -148.7649965940344, "mp2_energy": -148.84191263715744, "ccsd_energy": -148.87058841186234, "fci_energy": -148.87137975517118, "cs_vqe_energies": [-148.76499659555404, -148.7656637621698, -148.77321739822997, -148.77369389776433, -148.77544718471805, -148.78290070628242, -148.78807409100241, -148.78832866926567, -148.78921612977885, -148.79488485222979, -148.8006221171505, -148.82105332977983, -148.83946889428674, -148.84641439728492, -148.85582998255813], "stabilizer_score": [0.12838869830473257, 0.1876992834525109, 0.30746301390089276, 0.3322355443946244, 0.3723729188962498, 0.4649640286043636, 0.5056402078577917, 0.5143535509519519, 0.5388551230786568, 0.5920107681772606, 0.6551597003074907, 0.7725042137647267, 0.8864157051754677, 0.9140852089257031, 0.9503917603583615, 0.9724649990787853, 0.9999593817260495, 0.9999685850837503, 0.9999800992971085, 0.9999889371683736]}, "H2O_STO-3G_SINGLET": {"n_qubits_pre_taper": 14, "n_qubits_post_taper": 10, "hf_energy": -74.96203967838726, "mp2_energy": -74.99708201366201, "ccsd_energy": -75.01073164269077, "fci_energy": -75.01084664816948, "cs_vqe_energies": [-74.97444018171565, -74.97444208385232, -74.97762590720568, -74.97870771628529, -74.98649588089906, -74.99507322860299, -75.00133795184789, -75.01076787407143, -75.01079397067357], "stabilizer_score": [0.5907886228629189, 0.6076032695625551, 0.6707198559522196, 0.6999581284623866, 0.791772891938128, 0.8983334155684678, 0.9402666655948168, 0.9999538429324419, 0.9999724151786065]}, "BeH2_STO-3G_SINGLET": {"n_qubits_pre_taper": 14, "n_qubits_post_taper": 9, "hf_energy": -15.561352807666319, "mp2_energy": -15.583725038009469,