{"H2O_STO-3G_SINGLET": {"n_qubits_pre_taper": 14, "n_qubits_post_taper": 10, "hf_energy": -74.96203967838726, "mp2_energy": -74.99708201366201, "ccsd_energy": -75.01073164269077, "fci_energy": -75.01084664816948, "data": {"n_sim_qubits": [1, 2, 3, 4, 5, 6, 7, 8, 9], "stab_score_Hc": [0.004541720623409055, 0.1167059264101885, 0.17605982586301708, 0.28054250723260904, 0.4265562830101684, 0.6359543257746115, 0.6375831118526928, 0.6401267955689275, 0.9488140587074627], "stab_score_CC": [0.10762248516337039, 0.18922447617696983, 0.33421073417745323, 0.5476101772171974, 0.6863912747861368, 0.893375600995969, 0.9445615422885063, 0.991053258513723, 0.9947694589655967], "stab_score_HL": [0.018285178303618203, 0.09995462359412036, 0.1860983352311289, 0.2764037320209151, 0.3832531887069853, 0.6359543257746115, 0.9398673172211859, 0.991053258513723, 0.9947694589655967], "cs_vqe_nrg_Hc": [-74.96203967839436, -74.9744402952187, -74.9775432414941, -74.98417291506588, -74.98982458493538, -74.99844570991681, -74.99845468592963, -74.99848369594191, -75.00979064028832], "cs_vqe_nrg_CC": [-74.97444018171561, -74.97843034137063, -74.98504022543565, -74.99331235053238, -74.99962701610002, -75.00940156333634, -75.01043980664718, -75.01076787407165, -75.01079397067446], "cs_vqe_nrg_HL": [-74.96203967841737, -74.96521674179385, -74.96976877062282, -74.97418471196247, -74.98018425594809, -74.99844570991661, -75.00970894348968, -75.01076787407166, -75.01079397067394], "cs_vqe_legacy": [-74.96203967839438, -74.96203967839438, -74.96571210234616, -74.96852275614437, -74.98089335158117, -74.98652472917136, -74.99737038442612, -75.00970894348943, -75.01076787407192, -75.01079397067407, -75.01084664817047]}}, "BeH2_STO-3G_SINGLET": {"n_qubits_pre_taper": 14, "n_qubits_post_taper": 9, "hf_energy": -15.561352807666323, "mp2_energy": -15.583725038009472, "ccsd_energy": -15.594378365854427, "fci_energy": -15.594746145660254, "data": {"n_sim_qubits": [1, 2, 3, 4, 5, 6, 7, 8], "stab_score_Hc": [0.006030287287744882, 0.08263342044954064, 0.19659676133745976, 0.4133280585952004, 0.41620208873570314, 0.422353045762446, 0.7655779833538375, 0.8827889916769189], "stab_score_CC": [0.13661659836291132, 0.23938455473273276, 0.3424176022588833, 0.4454506497850338, 0.6147472290568671, 0.9035024832020045, 0.9529994756489072, 0.9704258717962149], "stab_score_HL": [0.018718208935706422, 0.14020437424123428, 0.2768209726041456, 0.4521478391637239, 0.7469333805966061, 0.8499664281227565, 0.8616906037519285, 0.9704258717962149], "cs_vqe_nrg_Hc": [-15.561352807666646, -15.564454184184214, -15.56776536603829, -15.57656531185259, -15.576569189184962, -15.57661322990775, -15.58908764566952, -15.591974294308347], "cs_vqe_nrg_CC": [-15.567121380873163, -15.57054149443547, -15.573280475337667, -15.575864283210326, -15.582656408240867, -15.59389379784219, -15.594409987682251, -15.594517507692748], "cs_vqe_nrg_HL": [-15.56135280766712, -15.566026497326147, -15.570625013080129, -15.577582182026218, -15.58898323172549, -15.59175421455956, -15.591815099640634, -15.594517507692744], "cs_vqe_legacy": [-15.561352807666285, -15.564400482384448, -15.567252621512157, -15.567303014237693, -15.571262379364974, -15.576423541562828, -15.583308465038563, -15.594409987714904, -15.594517507722816, -15.594746145660405]}}, "Be_STO-3G_SINGLET": {"n_qubits_pre_taper": 10, "n_qubits_post_taper": 5, "hf_energy": -14.351880476202023, "mp2_energy": -14.376238850841515, "ccsd_energy": -14.403650751752787, "fci_energy": -14.403655108067682, "data": {"n_sim_qubits": [1, 2, 3, 4], "stab_score_Hc": [0.0, 0.0, 0.33333333333333337, 0.6666666666666667], "stab_score_CC": [0.3203892134789503, 0.6407784269579005, 0.9611676404368508, 0.9785184092223862], "stab_score_HL": [0.3203892134789503, 0.6407784269579005, 0.9611676404368508, 0.9785184092223862], "cs_vqe_nrg_Hc": [-14.351880476202027, -14.351880476202027, -14.372887917159202, -14.38964653276641], "cs_vqe_nrg_CC": [-14.372790903887608, -14.389439069339007, -14.403328602133826, -14.403479129166021], "cs_vqe_nrg_HL": [-14.372790903887608, -14.389439069339007, -14.403328602133826, -14.403479129166021], "cs_vqe_legacy": [-14.351880476202034, -14.372790903751811, -14.389439069093516, -14.403328601794854, -14.403479129166044, -14.403655108067701]}}, "HF_STO-3G_SINGLET": {"n_qubits_pre_taper": 12, "n_qubits_post_taper": 8, "hf_energy": -98.57101106797647, "mp2_energy": -98.59198165670847, "ccsd_energy": -98.60330177389832, "fci_energy": -98.60330177725878, "data": {"n_sim_qubits": [1, 2, 3, 4, 5, 6, 7], "stab_score_Hc": [0.047882646606267516, 0.5635566636379367, 0.6762539769836798, 0.8724357828121282, 0.8744785014502295, 0.8777852315768718, 0.9388926157884359], "stab_score_CC": [0.4677913704254017, 0.5716536849309117, 0.7590004919191272, 0.8201078761306915, 0.8812152603422554, 0.9946505512352566, 0.9966932698733579], "stab_score_HL": [0.047882646606267516, 0.5635566636379367, 0.6762539769836798, 0.8724357828121282, 0.9335431670236924, 0.9946505512352566, 0.9966932698733579], "cs_vqe_nrg_Hc": [-98.57101106797674, -98.59648966893712, -98.59859725527036, -98.60249311064403, -98.6025007571804, -98.60251636631754, -98.60292153359352], "cs_vqe_nrg_CC": [-98.59606523282258, -98.59822200855352, -98.60216478309943, -98.60257270605078, -98.60295399065498, -98.60328186500396, -98.6032881524855], "cs_vqe_nrg_HL": [-98.57101106797674, -98.59648966893712, -98.59859725527035, -98.60249311064403, -98.60290004290977, -98.60328186500398, -98.60328815248525], "cs_vqe_legacy": [-98.57101106797673, -98.57101106797676, -98.59648966893712, -98.59859725527038, -98.60249311064388, -98.60290004291002, -98.60328186500375, -98.6032881524853, -98.60330177725919]}}, "LiH_STO-3G_SINGLET": {"n_qubits_pre_taper": 12, "n_qubits_post_taper": 8, "hf_energy": -7.863115321486981, "mp2_energy": -7.875625276066908, "ccsd_energy": -7.882752312997112, "fci_energy": -7.882762230971985, "data": {"n_sim_qubits": [1, 2, 3, 4, 5, 6, 7], "stab_score_Hc": [0.007870701392777985, 0.2777571871664189, 0.2806939316891748, 0.29256779220218965, 0.517966702975354, 0.8306035866446536, 0.9153017933223269], "stab_score_CC": [0.262015784380863, 0.39671643255710365, 0.6119431281511701, 0.8039232033608937, 0.8697750396466107, 0.9356268759323272, 0.9558108243467], "stab_score_HL": [0.262015784380863, 0.39671643255710365, 0.5005771715547436, 0.8039232033608937, 0.8114296369860546, 0.8845755503725159, 0.9153017933223269], "cs_vqe_nrg_Hc": [-7.863115321487045, -7.877117514289077, -7.877118525941388, -7.877207578230864, -7.87909115355688, -7.881556054014237, -7.882167344186723], "cs_vqe_nrg_CC": [-7.8771150495226925, -7.87891258257093, -7.881128600773199, -7.881461330364167, -7.882007740346377, -7.882537810576427, -7.882652660479244], "cs_vqe_nrg_HL": [-7.8771150495226925, -7.87891258257093, -7.87900066535699, -7.881461330364167, -7.8814667311123205, -7.882036665739231, -7.8821673441867395], "cs_vqe_legacy": [-7.863115321486973, -7.8631153216673635, -7.865034170190849, -7.879000665370549, -7.881461330379429, -7.882007740363743, -7.882537810595931, -7.882590265281892, -7.882762230971989]}}, "NH3_STO-3G_SINGLET": {"n_qubits_pre_taper": 16, "n_qubits_post_taper": 13, "hf_energy": -55.45187408148652, "mp2_energy": -55.50706579751344, "ccsd_energy": -55.52795155430015, "fci_energy": -55.528202562394725, "data": {"n_sim_qubits": [1, 2, 3, 4, 5, 6, 7, 8, 9, 10, 11, 12], "stab_score_Hc": [0.0013574058883159712, 0.058204619052795926, 0.08700657341499071, 0.1410297149724052, 0.204459422272145, 0.3233789977348662, 0.39399936722216256, 0.48093154033706037, 0.48257626665766784, 0.4848985772688788, 0.6085821310034476, 0.7920346136006811], "stab_score_CC": [0.05548986816298143, 0.11097967543914541, 0.1775736681054697, 0.20279485530068936, 0.3178961018990359, 0.3861051817315019, 0.5140827134713544, 0.5737934728152688, 0.759688565174355, 0.9666897534064463, 0.9894672021441833, 0.990809030468599],